--
-- PostgreSQL database dump
--

-- Dumped from database version 13.4 (Ubuntu 13.4-4.pgdg18.04+1)
-- Dumped by pg_dump version 14.0 (Ubuntu 14.0-1.pgdg18.04+1)

SET statement_timeout = 0;
SET lock_timeout = 0;
SET idle_in_transaction_session_timeout = 0;
SET client_encoding = 'UTF8';
SET standard_conforming_strings = on;
SELECT pg_catalog.set_config('search_path', '', false);
SET check_function_bodies = false;
SET xmloption = content;
SET client_min_messages = warning;
SET row_security = off;

SET default_tablespace = '';

SET default_table_access_method = heap;

--
-- Name: auth_group; Type: TABLE; Schema: public; Owner: -
--

CREATE TABLE public.auth_group (
    id integer NOT NULL,
    name character varying(150) NOT NULL
);


--
-- Name: auth_group_id_seq; Type: SEQUENCE; Schema: public; Owner: -
--

CREATE SEQUENCE public.auth_group_id_seq
    AS integer
    START WITH 1
    INCREMENT BY 1
    NO MINVALUE
    NO MAXVALUE
    CACHE 1;


--
-- Name: auth_group_id_seq; Type: SEQUENCE OWNED BY; Schema: public; Owner: -
--

ALTER SEQUENCE public.auth_group_id_seq OWNED BY public.auth_group.id;


--
-- Name: auth_group_permissions; Type: TABLE; Schema: public; Owner: -
--

CREATE TABLE public.auth_group_permissions (
    id integer NOT NULL,
    group_id integer NOT NULL,
    permission_id integer NOT NULL
);


--
-- Name: auth_group_permissions_id_seq; Type: SEQUENCE; Schema: public; Owner: -
--

CREATE SEQUENCE public.auth_group_permissions_id_seq
    AS integer
    START WITH 1
    INCREMENT BY 1
    NO MINVALUE
    NO MAXVALUE
    CACHE 1;


--
-- Name: auth_group_permissions_id_seq; Type: SEQUENCE OWNED BY; Schema: public; Owner: -
--

ALTER SEQUENCE public.auth_group_permissions_id_seq OWNED BY public.auth_group_permissions.id;


--
-- Name: auth_permission; Type: TABLE; Schema: public; Owner: -
--

CREATE TABLE public.auth_permission (
    id integer NOT NULL,
    name character varying(255) NOT NULL,
    content_type_id integer NOT NULL,
    codename character varying(100) NOT NULL
);


--
-- Name: auth_permission_id_seq; Type: SEQUENCE; Schema: public; Owner: -
--

CREATE SEQUENCE public.auth_permission_id_seq
    AS integer
    START WITH 1
    INCREMENT BY 1
    NO MINVALUE
    NO MAXVALUE
    CACHE 1;


--
-- Name: auth_permission_id_seq; Type: SEQUENCE OWNED BY; Schema: public; Owner: -
--

ALTER SEQUENCE public.auth_permission_id_seq OWNED BY public.auth_permission.id;


--
-- Name: auth_user; Type: TABLE; Schema: public; Owner: -
--

CREATE TABLE public.auth_user (
    id integer NOT NULL,
    password character varying(128) NOT NULL,
    last_login timestamp with time zone,
    is_superuser boolean NOT NULL,
    username character varying(150) NOT NULL,
    first_name character varying(150) NOT NULL,
    last_name character varying(150) NOT NULL,
    email character varying(254) NOT NULL,
    is_staff boolean NOT NULL,
    is_active boolean NOT NULL,
    date_joined timestamp with time zone NOT NULL
);


--
-- Name: auth_user_groups; Type: TABLE; Schema: public; Owner: -
--

CREATE TABLE public.auth_user_groups (
    id integer NOT NULL,
    user_id integer NOT NULL,
    group_id integer NOT NULL
);


--
-- Name: auth_user_groups_id_seq; Type: SEQUENCE; Schema: public; Owner: -
--

CREATE SEQUENCE public.auth_user_groups_id_seq
    AS integer
    START WITH 1
    INCREMENT BY 1
    NO MINVALUE
    NO MAXVALUE
    CACHE 1;


--
-- Name: auth_user_groups_id_seq; Type: SEQUENCE OWNED BY; Schema: public; Owner: -
--

ALTER SEQUENCE public.auth_user_groups_id_seq OWNED BY public.auth_user_groups.id;


--
-- Name: auth_user_id_seq; Type: SEQUENCE; Schema: public; Owner: -
--

CREATE SEQUENCE public.auth_user_id_seq
    AS integer
    START WITH 1
    INCREMENT BY 1
    NO MINVALUE
    NO MAXVALUE
    CACHE 1;


--
-- Name: auth_user_id_seq; Type: SEQUENCE OWNED BY; Schema: public; Owner: -
--

ALTER SEQUENCE public.auth_user_id_seq OWNED BY public.auth_user.id;


--
-- Name: auth_user_user_permissions; Type: TABLE; Schema: public; Owner: -
--

CREATE TABLE public.auth_user_user_permissions (
    id integer NOT NULL,
    user_id integer NOT NULL,
    permission_id integer NOT NULL
);


--
-- Name: auth_user_user_permissions_id_seq; Type: SEQUENCE; Schema: public; Owner: -
--

CREATE SEQUENCE public.auth_user_user_permissions_id_seq
    AS integer
    START WITH 1
    INCREMENT BY 1
    NO MINVALUE
    NO MAXVALUE
    CACHE 1;


--
-- Name: auth_user_user_permissions_id_seq; Type: SEQUENCE OWNED BY; Schema: public; Owner: -
--

ALTER SEQUENCE public.auth_user_user_permissions_id_seq OWNED BY public.auth_user_user_permissions.id;


--
-- Name: django_admin_log; Type: TABLE; Schema: public; Owner: -
--

CREATE TABLE public.django_admin_log (
    id integer NOT NULL,
    action_time timestamp with time zone NOT NULL,
    object_id text,
    object_repr character varying(200) NOT NULL,
    action_flag smallint NOT NULL,
    change_message text NOT NULL,
    content_type_id integer,
    user_id integer NOT NULL,
    CONSTRAINT django_admin_log_action_flag_check CHECK ((action_flag >= 0))
);


--
-- Name: django_admin_log_id_seq; Type: SEQUENCE; Schema: public; Owner: -
--

CREATE SEQUENCE public.django_admin_log_id_seq
    AS integer
    START WITH 1
    INCREMENT BY 1
    NO MINVALUE
    NO MAXVALUE
    CACHE 1;


--
-- Name: django_admin_log_id_seq; Type: SEQUENCE OWNED BY; Schema: public; Owner: -
--

ALTER SEQUENCE public.django_admin_log_id_seq OWNED BY public.django_admin_log.id;


--
-- Name: django_content_type; Type: TABLE; Schema: public; Owner: -
--

CREATE TABLE public.django_content_type (
    id integer NOT NULL,
    app_label character varying(100) NOT NULL,
    model character varying(100) NOT NULL
);


--
-- Name: django_content_type_id_seq; Type: SEQUENCE; Schema: public; Owner: -
--

CREATE SEQUENCE public.django_content_type_id_seq
    AS integer
    START WITH 1
    INCREMENT BY 1
    NO MINVALUE
    NO MAXVALUE
    CACHE 1;


--
-- Name: django_content_type_id_seq; Type: SEQUENCE OWNED BY; Schema: public; Owner: -
--

ALTER SEQUENCE public.django_content_type_id_seq OWNED BY public.django_content_type.id;


--
-- Name: django_migrations; Type: TABLE; Schema: public; Owner: -
--

CREATE TABLE public.django_migrations (
    id integer NOT NULL,
    app character varying(255) NOT NULL,
    name character varying(255) NOT NULL,
    applied timestamp with time zone NOT NULL
);


--
-- Name: django_migrations_id_seq; Type: SEQUENCE; Schema: public; Owner: -
--

CREATE SEQUENCE public.django_migrations_id_seq
    AS integer
    START WITH 1
    INCREMENT BY 1
    NO MINVALUE
    NO MAXVALUE
    CACHE 1;


--
-- Name: django_migrations_id_seq; Type: SEQUENCE OWNED BY; Schema: public; Owner: -
--

ALTER SEQUENCE public.django_migrations_id_seq OWNED BY public.django_migrations.id;


--
-- Name: django_session; Type: TABLE; Schema: public; Owner: -
--

CREATE TABLE public.django_session (
    session_key character varying(40) NOT NULL,
    session_data text NOT NULL,
    expire_date timestamp with time zone NOT NULL
);


--
-- Name: fbballapiv2_player; Type: TABLE; Schema: public; Owner: -
--

CREATE TABLE public.fbballapiv2_player (
    id integer NOT NULL,
    "Player_Name" character varying(50) NOT NULL,
    "Team_Name" character varying(3) NOT NULL,
    "GP" integer NOT NULL,
    "MIN" double precision NOT NULL,
    "FGM" double precision NOT NULL,
    "FGA" double precision NOT NULL,
    "FG_PCT" double precision NOT NULL,
    "FG3M" double precision NOT NULL,
    "FTM" double precision NOT NULL,
    "FTA" double precision NOT NULL,
    "FT_PCT" double precision NOT NULL,
    "REB" double precision NOT NULL,
    "AST" double precision NOT NULL,
    "STL" double precision NOT NULL,
    "BLK" double precision NOT NULL,
    "TOV" double precision NOT NULL,
    "PTS" double precision NOT NULL,
    "Pos" character varying(20) NOT NULL
);


--
-- Name: fbballapiv2_player_id_seq; Type: SEQUENCE; Schema: public; Owner: -
--

CREATE SEQUENCE public.fbballapiv2_player_id_seq
    AS integer
    START WITH 1
    INCREMENT BY 1
    NO MINVALUE
    NO MAXVALUE
    CACHE 1;


--
-- Name: fbballapiv2_player_id_seq; Type: SEQUENCE OWNED BY; Schema: public; Owner: -
--

ALTER SEQUENCE public.fbballapiv2_player_id_seq OWNED BY public.fbballapiv2_player.id;


--
-- Name: auth_group id; Type: DEFAULT; Schema: public; Owner: -
--

ALTER TABLE ONLY public.auth_group ALTER COLUMN id SET DEFAULT nextval('public.auth_group_id_seq'::regclass);


--
-- Name: auth_group_permissions id; Type: DEFAULT; Schema: public; Owner: -
--

ALTER TABLE ONLY public.auth_group_permissions ALTER COLUMN id SET DEFAULT nextval('public.auth_group_permissions_id_seq'::regclass);


--
-- Name: auth_permission id; Type: DEFAULT; Schema: public; Owner: -
--

ALTER TABLE ONLY public.auth_permission ALTER COLUMN id SET DEFAULT nextval('public.auth_permission_id_seq'::regclass);


--
-- Name: auth_user id; Type: DEFAULT; Schema: public; Owner: -
--

ALTER TABLE ONLY public.auth_user ALTER COLUMN id SET DEFAULT nextval('public.auth_user_id_seq'::regclass);


--
-- Name: auth_user_groups id; Type: DEFAULT; Schema: public; Owner: -
--

ALTER TABLE ONLY public.auth_user_groups ALTER COLUMN id SET DEFAULT nextval('public.auth_user_groups_id_seq'::regclass);


--
-- Name: auth_user_user_permissions id; Type: DEFAULT; Schema: public; Owner: -
--

ALTER TABLE ONLY public.auth_user_user_permissions ALTER COLUMN id SET DEFAULT nextval('public.auth_user_user_permissions_id_seq'::regclass);


--
-- Name: django_admin_log id; Type: DEFAULT; Schema: public; Owner: -
--

ALTER TABLE ONLY public.django_admin_log ALTER COLUMN id SET DEFAULT nextval('public.django_admin_log_id_seq'::regclass);


--
-- Name: django_content_type id; Type: DEFAULT; Schema: public; Owner: -
--

ALTER TABLE ONLY public.django_content_type ALTER COLUMN id SET DEFAULT nextval('public.django_content_type_id_seq'::regclass);


--
-- Name: django_migrations id; Type: DEFAULT; Schema: public; Owner: -
--

ALTER TABLE ONLY public.django_migrations ALTER COLUMN id SET DEFAULT nextval('public.django_migrations_id_seq'::regclass);


--
-- Name: fbballapiv2_player id; Type: DEFAULT; Schema: public; Owner: -
--

ALTER TABLE ONLY public.fbballapiv2_player ALTER COLUMN id SET DEFAULT nextval('public.fbballapiv2_player_id_seq'::regclass);


--
-- Data for Name: auth_group; Type: TABLE DATA; Schema: public; Owner: -
--

COPY public.auth_group (id, name) FROM stdin;
\.


--
-- Data for Name: auth_group_permissions; Type: TABLE DATA; Schema: public; Owner: -
--

COPY public.auth_group_permissions (id, group_id, permission_id) FROM stdin;
\.


--
-- Data for Name: auth_permission; Type: TABLE DATA; Schema: public; Owner: -
--

COPY public.auth_permission (id, name, content_type_id, codename) FROM stdin;
1	Can add log entry	1	add_logentry
2	Can change log entry	1	change_logentry
3	Can delete log entry	1	delete_logentry
4	Can view log entry	1	view_logentry
5	Can add permission	2	add_permission
6	Can change permission	2	change_permission
7	Can delete permission	2	delete_permission
8	Can view permission	2	view_permission
9	Can add group	3	add_group
10	Can change group	3	change_group
11	Can delete group	3	delete_group
12	Can view group	3	view_group
13	Can add user	4	add_user
14	Can change user	4	change_user
15	Can delete user	4	delete_user
16	Can view user	4	view_user
17	Can add content type	5	add_contenttype
18	Can change content type	5	change_contenttype
19	Can delete content type	5	delete_contenttype
20	Can view content type	5	view_contenttype
21	Can add session	6	add_session
22	Can change session	6	change_session
23	Can delete session	6	delete_session
24	Can view session	6	view_session
25	Can add player	7	add_player
26	Can change player	7	change_player
27	Can delete player	7	delete_player
28	Can view player	7	view_player
\.


--
-- Data for Name: auth_user; Type: TABLE DATA; Schema: public; Owner: -
--

COPY public.auth_user (id, password, last_login, is_superuser, username, first_name, last_name, email, is_staff, is_active, date_joined) FROM stdin;
\.


--
-- Data for Name: auth_user_groups; Type: TABLE DATA; Schema: public; Owner: -
--

COPY public.auth_user_groups (id, user_id, group_id) FROM stdin;
\.


--
-- Data for Name: auth_user_user_permissions; Type: TABLE DATA; Schema: public; Owner: -
--

COPY public.auth_user_user_permissions (id, user_id, permission_id) FROM stdin;
\.


--
-- Data for Name: django_admin_log; Type: TABLE DATA; Schema: public; Owner: -
--

COPY public.django_admin_log (id, action_time, object_id, object_repr, action_flag, change_message, content_type_id, user_id) FROM stdin;
\.


--
-- Data for Name: django_content_type; Type: TABLE DATA; Schema: public; Owner: -
--

COPY public.django_content_type (id, app_label, model) FROM stdin;
1	admin	logentry
2	auth	permission
3	auth	group
4	auth	user
5	contenttypes	contenttype
6	sessions	session
7	fbballapiv2	player
\.


--
-- Data for Name: django_migrations; Type: TABLE DATA; Schema: public; Owner: -
--

COPY public.django_migrations (id, app, name, applied) FROM stdin;
1	contenttypes	0001_initial	2021-10-06 19:53:43.3034-07
2	auth	0001_initial	2021-10-06 19:53:43.443789-07
3	admin	0001_initial	2021-10-06 19:53:43.581916-07
4	admin	0002_logentry_remove_auto_add	2021-10-06 19:53:43.626399-07
5	admin	0003_logentry_add_action_flag_choices	2021-10-06 19:53:43.651378-07
6	contenttypes	0002_remove_content_type_name	2021-10-06 19:53:43.700699-07
7	auth	0002_alter_permission_name_max_length	2021-10-06 19:53:43.724777-07
8	auth	0003_alter_user_email_max_length	2021-10-06 19:53:43.751386-07
9	auth	0004_alter_user_username_opts	2021-10-06 19:53:43.770701-07
10	auth	0005_alter_user_last_login_null	2021-10-06 19:53:43.793142-07
11	auth	0006_require_contenttypes_0002	2021-10-06 19:53:43.798467-07
12	auth	0007_alter_validators_add_error_messages	2021-10-06 19:53:43.814598-07
13	auth	0008_alter_user_username_max_length	2021-10-06 19:53:43.845746-07
14	auth	0009_alter_user_last_name_max_length	2021-10-06 19:53:43.863956-07
15	auth	0010_alter_group_name_max_length	2021-10-06 19:53:43.883877-07
16	auth	0011_update_proxy_permissions	2021-10-06 19:53:43.905116-07
17	auth	0012_alter_user_first_name_max_length	2021-10-06 19:53:43.923232-07
18	fbballapiv2	0001_initial	2021-10-06 19:53:43.937893-07
19	sessions	0001_initial	2021-10-06 19:53:43.955484-07
\.


--
-- Data for Name: django_session; Type: TABLE DATA; Schema: public; Owner: -
--

COPY public.django_session (session_key, session_data, expire_date) FROM stdin;
\.


--
-- Data for Name: fbballapiv2_player; Type: TABLE DATA; Schema: public; Owner: -
--

COPY public.fbballapiv2_player (id, "Player_Name", "Team_Name", "GP", "MIN", "FGM", "FGA", "FG_PCT", "FG3M", "FTM", "FTA", "FT_PCT", "REB", "AST", "STL", "BLK", "TOV", "PTS", "Pos") FROM stdin;
817	Nikola Jokic	DEN	77	35.1	10.6	18.8	0.565	1.3	5.2	6	0.868	11	7.9	1.3	0.7	3.1	27.8	PF,C
818	James Harden	BKN	75	35.5	7.6	16.2	0.469	2.7	5.9	6.8	0.869	8	10.5	1.2	0.8	3.9	23.8	PG,SG
819	Stephen Curry	GSW	73	34	10	21.1	0.476	5	5.6	6.1	0.916	5.5	5.8	1.2	0.1	3.4	30.7	PG,SG
820	Kevin Durant	BKN	68	33.1	9	17	0.529	2.3	6	6.8	0.882	7.1	5	0.7	1.3	3.4	26.3	SF,PF
821	Damian Lillard	POR	76	34.8	8.8	19.3	0.452	4	6.5	7	0.93	4.1	7.3	0.9	0.3	2.9	27.9	PG
822	Karl-Anthony Towns	MIN	72	33.9	8.5	17.6	0.486	2.4	5.3	6.2	0.855	10.6	4.5	0.8	1.3	3.2	24.8	C
823	Bradley Beal	WAS	73	34.6	11.3	24.1	0.467	2.6	6.8	7.8	0.878	4.7	5.8	1.2	0.4	3.1	32	SG,SF
824	Jayson Tatum	BOS	76	35.1	9.7	20.7	0.467	3	4.8	5.5	0.864	7.4	4.6	1.2	0.5	2.7	27.1	SF,PF
825	Joel Embiid	PHI	65	30.4	8.4	16.9	0.498	1.1	8.3	10	0.822	10.1	2.7	1	1.3	3	26.2	PF,C
826	Giannis Antetokounmpo	MIL	74	33	10.3	18	0.572	1.1	6.5	9.5	0.684	11	5.9	1.2	1.2	3.4	28	PF,C
827	Paul George	LAC	74	34	8.9	19.2	0.461	3.5	3.8	4.3	0.882	6.8	5.4	1.1	0.4	3.4	25.1	SF,PF
828	Luka Doncic	DAL	75	34.1	10	20.9	0.478	3	5.3	7.2	0.742	8.2	8.8	1	0.5	4.4	28.3	PG,SG
829	Anthony Davis	LAL	69	32.6	9	18	0.499	0.9	4.2	5.5	0.771	8.8	2	1.3	2	2	23.1	PF,C
830	Kyrie Irving	BKN	65	34.1	9.2	18.7	0.492	2.7	2.6	2.9	0.903	3.9	5.4	1.3	0.5	2.6	23.8	PG,SG
831	Trae Young	ATL	78	33.2	7.9	17.8	0.441	2.4	6.6	7.4	0.889	3.8	9.5	0.8	0.2	4	24.7	PG
832	Fred VanVleet	TOR	70	34.8	6.8	16.9	0.402	3.4	3.1	3.5	0.892	4	6	1.6	0.7	1.7	20.2	PG,SG
833	Bam Adebayo	MIA	76	33.6	7.1	12.5	0.568	0	4.4	5.5	0.799	8.9	4.1	1.2	1	2.6	18.7	PF,C
834	Domantas Sabonis	IND	72	35.3	7.6	14.3	0.534	0.8	3.8	5.2	0.736	11.6	6.4	1.2	0.5	3.3	19.9	PF,C
835	Jimmy Butler	MIA	72	32.8	6.7	13.7	0.492	0.5	6.6	7.6	0.864	5.4	4.3	1.7	0.3	2	20.5	SF,PF
836	Shai Gilgeous-Alexander	OKC	70	34.1	8.3	16.3	0.51	2	5.4	6.6	0.815	4.9	6	0.8	0.7	3	24	PG,SG
837	Nikola Vucevic	CHI	76	32.8	8.4	17.8	0.472	2	1.9	2.2	0.86	11.1	2.9	0.9	0.8	1.8	20.7	C
838	LeBron James	LAL	74	32.4	9.1	17.7	0.514	2.2	3.9	5.5	0.702	7.4	7.3	1.1	0.6	3.6	24.3	PG,SG,SF
839	Chris Paul	PHX	72	30.4	6	12.4	0.486	1.5	2.4	2.6	0.922	4.4	8.6	1.3	0.3	2.2	15.9	PG
840	Zach LaVine	CHI	72	34	9.3	19	0.491	3.3	4	4.8	0.843	4.6	4.1	0.8	0.5	3.3	26	SG,SF
841	LaMelo Ball	CHA	73	32.8	6.9	15.4	0.445	2.1	2.9	3.7	0.774	6.7	7	1.8	0.5	3.2	18.6	PG,SG
842	Zion Williamson	NOP	72	33.8	11	17.9	0.613	0.2	6.4	9.1	0.701	7.6	4.3	1	0.7	2.8	28.6	PF
843	Michael Porter Jr.	DEN	67	32.5	7.9	15.3	0.516	3	2	2.4	0.816	7.9	1.2	0.7	0.9	1.4	20.8	SF,PF
844	Jrue Holiday	MIL	72	32.1	6.9	13.9	0.5	1.9	1.8	2.3	0.781	4.5	6	1.6	0.6	2.2	17.5	PG,SG
845	Jaren Jackson Jr.	MEM	70	31.4	5.9	12.7	0.468	2	4	4.9	0.811	6.9	1.4	1.1	1.8	1.9	17.8	PF,C
846	Richaun Holmes	SAC	72	31.2	6.3	10	0.637	0	2.3	3	0.785	8.8	1.8	0.6	1.7	1.3	15	PF,C
847	Rudy Gobert	UTA	76	30.9	5.5	8.2	0.671	0	3.3	5.3	0.622	13.5	1.3	0.6	2.7	1.7	14.4	C
848	Tobias Harris	PHI	75	32.5	7.6	14.9	0.51	1.3	2.9	3.3	0.878	6.8	3.5	0.9	0.8	1.7	19.4	SF,PF
849	Donovan Mitchell	UTA	72	33.4	9.1	20.7	0.441	3.4	5	6	0.834	4.4	5.5	1	0.3	2.8	26.6	PG,SG
850	Myles Turner	IND	72	30.6	4.3	9.1	0.478	1.5	2.2	3	0.759	6.4	1	0.9	3	1.4	12.4	PF,C
851	Kristaps Porzingis	DAL	69	30.9	7.9	17.5	0.451	2.4	2.8	3.3	0.856	9.3	1.7	0.5	1.5	1.2	21	PF,C
852	Jaylen Brown	BOS	72	34.1	9.2	19	0.483	2.9	3.7	4.8	0.768	5.9	3.4	1.2	0.6	2.7	24.9	SG,SF
853	Brandon Ingram	NOP	73	34.5	8.5	18.2	0.464	2.3	4.6	5.3	0.869	4.9	4.9	0.7	0.6	2.5	23.9	SF,PF
854	Julius Randle	NYK	77	36.4	7.8	16.8	0.463	2.2	4.7	5.8	0.816	9.8	4.8	0.9	0.3	3.3	22.5	PF,C
855	Jusuf Nurkic	POR	70	31.1	6	11.7	0.512	0.4	2.5	3.5	0.714	10.5	4.4	1.1	1.5	2.6	14.8	C
856	Deandre Ayton	PHX	76	31.8	6.8	10.9	0.617	0.2	2	2.6	0.772	10.9	1.5	0.6	1.2	1.6	15.6	C
857	Clint Capela	ATL	75	31.5	6.5	11	0.586	0	2	3.4	0.582	14.9	0.8	0.7	2.1	1.3	14.9	C
858	Khris Middleton	MIL	75	33.1	7.4	15.7	0.474	2.2	3.1	3.5	0.885	6	5.4	1.1	0.1	2.6	20.2	SF,PF
859	Devin Booker	PHX	76	34.6	9.5	19.5	0.484	1.9	5.2	6	0.865	4.3	4.4	0.8	0.2	3.2	26.1	SG,SF
860	Tyrese Haliburton	SAC	72	32.1	6.1	13	0.472	2.5	1	1.1	0.884	3.2	5.6	1.4	0.5	1.7	15.8	PG,SG
861	OG Anunoby	TOR	70	33.9	6.2	13.1	0.473	2.7	2.1	2.7	0.789	5.6	2.2	1.5	0.7	1.7	17.2	SF,PF
862	Robert Williams	BOS	68	23.5	4.2	6	0.695	0	1.1	1.7	0.636	8	2.1	0.9	2	1.2	9.5	C
863	CJ McCollum	POR	72	33.5	8.5	18.5	0.457	3.5	2.3	2.8	0.822	3.8	4.6	0.9	0.4	1.4	22.7	PG,SG
864	Lonzo Ball	CHI	70	33.1	5.4	12.8	0.42	3	0.9	1.2	0.777	4.9	5.9	1.5	0.6	2.3	14.7	PG,SG
865	Draymond Green	GSW	72	32.7	2.8	6.2	0.449	0.5	1.1	1.4	0.797	7.5	7.9	1.6	0.8	3.1	7.3	PF,C
866	John Collins	ATL	75	30.2	6.7	11.7	0.575	1.3	2.7	3.2	0.834	7.3	1.2	0.5	1	1.3	17.4	PF,C
867	Gordon Hayward	CHA	68	33.1	6.9	14.6	0.473	1.9	3.5	4.1	0.858	5.7	4	1.2	0.3	2.1	19.2	SG,SF
868	Pascal Siakam	TOR	59	34.5	7.5	16.5	0.454	1.3	4.3	5.2	0.832	6.9	4.3	1.1	0.7	2.2	20.6	PF,C
869	Derrick White	SAS	69	33	6.7	15.3	0.44	2.6	3	3.6	0.843	3.4	4.4	1	1	1.5	19.1	PG,SG
870	De'Aaron Fox	SAC	73	34.7	9.5	20	0.475	1.8	5.2	7.2	0.722	3.5	7.2	1.5	0.5	3	26	PG
871	Dejounte Murray	SAS	74	33.4	6.9	15.1	0.455	0.9	1.7	2.1	0.799	7.4	6.8	1.6	0.1	1.8	16.4	PG,SG
872	Mike Conley	UTA	68	29.5	5.5	12.4	0.445	2.7	2.4	2.8	0.858	3.3	5.9	1.3	0.2	1.9	16	PG
873	Malcolm Brogdon	IND	71	34.1	7.5	16.8	0.445	2.5	2.7	3.2	0.845	5.1	5.8	0.9	0.3	2.1	20.1	PG,SG
874	Jakob Poeltl	SAS	77	31.3	4.4	7.4	0.603	0	1.1	1.8	0.583	9.4	2.2	0.8	2.1	1.4	9.9	C
875	Terry Rozier	CHA	75	34.1	7.1	16.2	0.441	3	2.4	2.9	0.829	4.3	4.1	1.2	0.4	1.9	19.6	PG,SG
876	Mikal Bridges	PHX	78	32.8	5	9.3	0.538	1.9	1.5	1.8	0.829	4.3	2.1	1.1	0.9	0.8	13.5	SG,SF
877	Caris LeVert	IND	68	31.2	7.4	16.9	0.44	1.8	3	3.7	0.814	4.5	5.1	1.4	0.6	2.2	19.6	SG,SF
878	Kyle Lowry	MIA	72	32.1	5.2	12	0.438	2.7	2.8	3.2	0.857	4.8	6.4	0.9	0.3	2.5	15.9	PG
879	Bogdan Bogdanovic	ATL	68	29.6	6.1	12.8	0.476	3.3	0.9	1	0.9	3.6	3.3	1.1	0.3	1.2	16.3	SF,PF
880	Jonas Valanciunas	NOP	73	29.4	6.2	10.8	0.574	0.3	2.4	3	0.776	10.8	1.8	0.5	0.9	1.6	15.1	C
881	Darius Garland	CLE	70	33.7	7.7	16.9	0.457	2.2	2.2	2.5	0.872	2.5	6.4	1.3	0.1	3.1	19.9	PG
882	Russell Westbrook	LAL	76	34.1	7.3	15.6	0.468	1.1	3.6	5	0.706	8.2	7.9	1.2	0.3	3.9	19.3	PG
883	Ja Morant	MEM	73	33.6	7.6	16.3	0.466	1.4	4.5	5.9	0.769	4.5	7.9	1	0.3	3.3	21.2	PG
884	Collin Sexton	CLE	73	35.4	8.6	18.1	0.474	1.6	5.2	6.4	0.82	3.2	4.2	1.1	0.2	2.8	23.9	PG,SG
885	Kemba Walker	NYK	67	30.1	6.3	14.9	0.421	2.8	2.9	3.3	0.885	3.8	4.6	1	0.3	1.9	18.3	PG
886	Anthony Edwards	MIN	77	34.5	7.9	18	0.436	2.6	3.2	4.1	0.789	4.9	3.5	1.2	0.5	2.4	21.5	SG,SF
887	Isaiah Stewart	DET	75	30.1	4.6	8.5	0.543	0.4	1.4	1.9	0.732	9.1	1.3	0.8	1.6	1.4	11.1	PF,C
888	Kawhi Leonard	LAC	10	25.1	6.4	13.5	0.474	1.4	3.6	4.3	0.834	4.7	3.7	1.2	0.3	1.7	17.8	SG,SF
889	Jerami Grant	DET	72	32.4	6.4	14.4	0.44	2	5.2	6.1	0.843	4.4	2.7	0.6	1.1	1.9	19.9	SF,PF
890	Christian Wood	HOU	70	32.5	7.6	14.9	0.513	1.8	3	4.6	0.646	9.3	1.6	0.8	1.1	1.9	20	PF,C
891	Jarrett Allen	CLE	74	31.4	5	8.2	0.611	0.1	3.4	4.9	0.695	10.6	1.8	0.5	1.5	1.7	13.6	C
892	PJ Washington	CHA	74	30.5	4.8	10.7	0.447	1.8	1.8	2.4	0.753	6.6	2.5	1.1	1.2	2	13.1	PF,C
893	Robert Covington	POR	76	32	3.5	8.2	0.423	2	0.7	0.9	0.778	6.7	1.7	1.4	1	0.9	9.7	PF,C
894	DeMar DeRozan	CHI	76	32.2	7	14	0.501	0.3	5.4	6.2	0.874	3.7	3.9	0.8	0.2	1.7	19.7	SF,PF
895	Derrick Favors	OKC	64	27.1	4	6.5	0.613	0	1.5	2	0.75	9.4	1	0.9	1.2	0.9	9.5	C
896	Chris Boucher	TOR	72	26.1	4.4	8.5	0.512	1.4	2.3	2.9	0.78	6.2	1	0.5	1.7	0.7	12.4	PF,C
897	Marcus Smart	BOS	70	32	4.4	10.6	0.415	1.9	2.6	3.3	0.794	3.4	5.8	1.5	0.5	1.9	13.4	PG,SG
898	Ben Simmons	PHI	71	32.5	5.6	10.1	0.554	0.1	3	4.9	0.612	7.2	7	1.6	0.6	3	14.3	PG
899	Mitchell Robinson	NYK	71	27.1	3.9	6.1	0.641	0	1	1.8	0.553	8.2	0.5	1.1	1.7	0.9	8.8	C
900	Nickeil Alexander-Walker	NOP	71	28.5	5.9	13.4	0.437	2.4	1.4	1.8	0.765	4.2	3	1.4	0.7	2	15.5	SG,SF
901	Kyle Anderson	MEM	75	26.5	4.4	9.2	0.473	1.4	2	2.6	0.778	5.5	3.5	1.2	0.8	1.2	12	SF,PF
902	D'Angelo Russell	MIN	70	30.2	7.1	16.3	0.432	3	2.8	3.8	0.751	2.8	6.1	1.1	0.4	2.8	20	PG,SG
903	Jamal Murray	DEN	19	28.1	6.2	13.4	0.466	2.1	2.2	2.5	0.874	3.2	3.8	1	0.2	1.7	16.8	PG,SG
904	Cade Cunningham	DET	74	31.7	5.8	13.6	0.426	1.9	2.9	3.5	0.841	4.8	3.7	1.2	0.6	3.5	16.4	PG,SG
905	Jonathan Isaac	ORL	60	28.8	4	8.8	0.451	0.9	1.4	1.9	0.766	5.4	1.1	1.3	1.7	1.1	10.3	SF,PF
906	Evan Fournier	NYK	70	31	5.5	12.1	0.453	2.8	2.6	3.2	0.807	3	3	1.1	0.5	1.7	16.4	SG,SF
907	Norman Powell	POR	75	32.1	6	12.9	0.467	2.4	3.3	3.8	0.87	3	1.8	1	0.3	1.7	17.7	SG,SF
908	Kevin Porter Jr.	HOU	70	33.1	6.6	15.1	0.437	2.1	2.6	3.5	0.752	4.2	6.5	1.2	0.4	3.3	17.9	SG,SF
909	Buddy Hield	SAC	76	33.3	5.5	13.2	0.418	3.9	1.2	1.5	0.801	4.6	3.5	0.9	0.4	1.8	16.1	SG,SF
910	Harrison Barnes	SAC	72	35.1	5.3	10.7	0.496	1.6	3.3	4	0.831	6.4	3.4	0.7	0.2	1.6	15.6	SF,PF
911	T.J. McConnell	IND	76	23.7	3.7	6.5	0.564	0.2	0.5	0.6	0.719	3.4	6	1.7	0.3	1.8	7.8	PG,SG
912	Brook Lopez	MIL	75	27.1	4.6	9	0.506	1.4	1.7	2	0.849	5	0.7	0.6	1.5	0.9	12.2	C
913	Kelly Olynyk	DET	73	27.2	4.2	9	0.46	1.7	2	2.3	0.841	6.4	2.7	1	0.6	1.7	11.9	PF,C
914	Spencer Dinwiddie	WAS	69	30.7	5.9	13.8	0.429	2	3.6	4.5	0.797	3.9	6.8	0.8	0.3	3	17.4	PG,SG
915	Miles Bridges	CHA	77	28.4	4.5	9.1	0.5	1.7	1.5	1.6	0.884	5.8	2.1	0.6	0.8	1.6	12.3	SF,PF
916	Reggie Jackson	LAC	75	30.2	5.6	12.6	0.441	2.6	1.4	1.7	0.831	4.1	5.1	0.9	0.1	1.6	15.2	PG,SG
917	Nerlens Noel	NYK	70	23.1	2	3.3	0.599	0	0.8	1.1	0.724	6.1	0.7	1.1	2	1	4.8	PF,C
918	Saddiq Bey	DET	76	33.5	5.2	12.3	0.422	3.1	2.2	2.6	0.855	5.6	1.8	0.9	0.3	1.1	15.8	SF
919	Jalen Suggs	ORL	73	31.2	6	13.6	0.441	1.4	1.9	2.5	0.753	4.3	5.4	1.4	0.3	2.9	15.3	PG,SG
920	Andrew Wiggins	GSW	75	32.1	6.8	14.3	0.476	1.9	2.3	3.3	0.706	4.7	2.3	0.9	1	1.7	17.9	SG,SF
921	De'Andre Hunter	ATL	70	29.4	5.2	10.8	0.476	1.4	3.2	3.7	0.864	4.8	1.9	0.8	0.5	1.3	14.9	SF,PF
922	Mason Plumlee	CHA	68	28.1	4.1	6.6	0.616	0	1.9	2.9	0.66	9	3.5	0.8	0.9	1.8	10	PF,C
923	Keldon Johnson	SAS	74	31.2	6.4	13.4	0.474	1.4	2.3	3.1	0.749	6.5	2.2	1	0.4	1.2	16.4	SF,PF
924	Evan Mobley	CLE	73	28.5	4.8	10	0.475	0.6	2	2.8	0.706	7.5	1.9	0.7	1.7	2	12.1	C
925	Jordan Clarkson	UTA	74	26.7	6.7	15.7	0.424	3.1	1.9	2.1	0.904	4	2.5	0.9	0.1	1.7	18.3	PG,SG
926	Bobby Portis	MIL	75	25.2	5.2	10	0.516	1.2	0.9	1.2	0.744	7.8	1.2	0.9	0.4	0.9	12.5	PF,C
927	Joe Ingles	UTA	74	27.1	4	8.2	0.488	2.6	1.1	1.3	0.849	3.5	4.7	0.7	0.2	1.7	11.8	SG,SF
928	Chuma Okeke	ORL	68	30.1	4	9.2	0.432	1.4	0.9	1.2	0.769	5.1	2.8	1.4	0.6	1	10.3	PF
929	Joe Harris	BKN	78	31.2	5.2	10.3	0.505	3.1	0.7	0.9	0.778	3.6	1.9	0.7	0.2	0.9	14.3	SG,SF
930	Klay Thompson	GSW	45	26.8	6.7	14.6	0.46	2.8	1.3	1.6	0.816	3	1.8	0.8	0.5	1.1	17.5	SG,SF
931	Daniel Gafford	WAS	69	20.2	3.9	5.7	0.691	0	1.8	2.7	0.652	5.7	0.7	0.7	1.8	1.1	9.6	C
932	Jae'Sean Tate	HOU	76	30.1	4.6	9.2	0.506	0.9	1.6	2.2	0.718	5.5	2.6	1.2	0.5	1.4	11.7	SF,PF
933	De'Anthony Melton	MEM	70	22.8	3.7	8.6	0.434	1.9	0.9	1.1	0.796	3.5	2.8	1.2	0.7	1.5	10.3	PG,SG
934	Danny Green	PHI	74	28.2	3.3	7.9	0.417	2.4	0.5	0.6	0.833	3.8	1.7	1.2	0.7	1	9.5	SG,SF
935	Ivica Zubac	LAC	79	22.9	3.9	5.9	0.655	0	2	2.6	0.79	7.7	1.4	0.3	1	1.2	9.8	C
936	Khem Birch	TOR	74	29.8	3.8	7.7	0.499	0.3	1.8	2.6	0.715	7.6	1.7	0.9	1.2	0.9	9.8	PF,C
937	Wendell Carter Jr.	ORL	67	28.8	4.7	9.3	0.507	0.3	2.6	3.6	0.725	9	2.1	0.7	0.9	1.5	12.4	C
938	Mo Bamba	ORL	68	22.5	3.7	7.8	0.476	1	1.2	1.7	0.708	7	1	0.4	1.8	1	9.6	C
939	Dennis Schroder	BOS	74	29.4	5	11.5	0.432	1.1	3.1	3.7	0.85	3.2	5.3	1	0.2	2.5	14.1	PG
940	Devonte' Graham	NOP	70	30	4.6	12.1	0.377	3.2	2.4	2.9	0.826	2.7	5.4	0.9	0.1	1.5	14.7	PG,SG
941	Al Horford	BOS	68	24.8	4.1	8.9	0.459	1.3	0.9	1.1	0.818	5.4	3	0.7	0.7	0.8	10.3	PF,C
942	Larry Nance Jr.	POR	68	27.1	3.2	6.7	0.474	1	0.8	1.2	0.645	5.8	2.7	1.5	0.4	1.4	8	PF,C
943	Matisse Thybulle	PHI	74	24.6	2.5	5.6	0.438	0.9	0.2	0.4	0.571	2.2	1.2	1.7	1.3	0.6	6	SG,SF
944	Jalen Green	HOU	73	31.8	6.5	14.9	0.435	2.4	2	2.5	0.789	3.6	2.4	1.2	0.2	2.7	17.4	SG
945	Will Barton	DEN	70	32.5	5.8	13.4	0.434	1.9	1.8	2.3	0.791	4.2	3.3	0.9	0.4	1.8	15.3	SG,SF
946	Thomas Bryant	WAS	38	25.2	5.3	8.2	0.647	0.8	1.4	2.2	0.664	5.5	1.4	0.4	0.7	1	12.9	C
947	RJ Barrett	NYK	75	34.4	6.9	15.5	0.447	1.8	3	3.9	0.763	5.9	3.1	0.7	0.3	2	18.6	SG,SF
948	Montrezl Harrell	WAS	68	25	5.4	9.2	0.593	0	2.8	4	0.703	6.7	1.2	0.8	0.8	1.2	13.7	PF,C
949	Aleksej Pokusevski	OKC	70	27.3	5	11.5	0.433	2	1.1	1.4	0.766	5.7	2.6	0.5	1.1	2.6	13.1	SF
950	Thaddeus Young	SAS	70	22.1	4.9	8.9	0.551	0.2	0.9	1.6	0.587	5.6	3.9	1	0.6	1.8	11	PF,C
951	Dillon Brooks	MEM	74	29.6	6.5	15.3	0.422	1.9	2.4	2.9	0.826	2.9	2.3	1.2	0.4	1.8	17.1	SG,SF
952	Derrick Rose	NYK	65	23.2	5.2	11.1	0.467	0.9	2	2.3	0.877	2.4	3.8	0.9	0.4	1.5	13.3	PG,SG
953	Malik Beasley	MIN	71	28.5	6.2	14	0.438	3	1.6	1.9	0.817	3.8	2.1	0.7	0.2	1.4	16.9	PG,SG
954	Terrence Ross	ORL	68	28.4	5.3	12.9	0.41	1.8	2.5	2.9	0.866	3.4	2.3	1	0.5	1.6	15.1	SG,SF
955	Jordan Poole	GSW	72	23.9	5	11.2	0.442	2.4	2.6	2.9	0.897	2.2	2.4	0.6	0.3	1.2	14.9	PG,SG
956	Facundo Campazzo	DEN	73	26.1	2.3	5.7	0.394	1.4	1.4	1.7	0.856	2.4	4.3	1.4	0.2	1.3	7.4	PG
957	Bojan Bogdanovic	UTA	78	30.7	5.6	12.9	0.434	2.5	3.2	3.7	0.864	3.9	1.9	0.6	0.1	1.8	16.9	SF,PF
958	Royce O'Neale	UTA	75	31.4	2.5	5.6	0.446	1.5	0.6	0.7	0.857	6.8	2.5	0.8	0.5	1.2	7	SF,PF
959	Victor Oladipo	MIA	35	26.5	5.5	13.1	0.422	1.9	2.5	3.3	0.763	3.9	3.7	1.1	0.3	2	15.5	SG,SF
960	Duncan Robinson	MIA	80	30	4.2	9.5	0.44	3.3	0.9	1	0.905	3.3	1.7	0.6	0.3	1.1	12.5	SG,SF
961	Danilo Gallinari	ATL	65	22.6	3.8	8.8	0.43	1.9	3	3.2	0.941	4	1.4	0.6	0.2	0.8	12.5	SF,PF
962	Tim Hardaway Jr.	DAL	77	30.2	6.2	13.8	0.446	3.2	2.1	2.7	0.801	3.5	1.9	0.4	0.2	1	17.7	SG,SF
963	Serge Ibaka	LAC	64	22	4.2	8.4	0.505	0.9	1	1.2	0.844	6.3	1.7	0.2	1	1	10.4	PF,C
964	Brandon Clarke	MEM	70	24	4.3	8.4	0.511	0.3	1.3	1.9	0.683	5.6	1.6	1	0.9	0.6	10.3	SF,PF
965	Alperen Sengun	HOU	70	20.8	4.1	7.8	0.531	0.5	1.7	2.1	0.796	6.4	1.2	0.6	0.9	1.9	10.5	C
966	Lauri Markkanen	CLE	68	27.4	4.9	10.3	0.477	2.2	1.5	1.8	0.834	5.3	0.9	0.5	0.3	1	13.6	PF,C
967	Terance Mann	LAC	76	25.7	4.2	8.6	0.483	1	1.9	2.2	0.856	5.5	2.5	0.6	0.3	0.9	11.2	SF
968	Cameron Payne	PHX	72	20.5	3.7	7.7	0.486	1.4	0.9	1.1	0.877	2.8	4.2	0.7	0.4	1.2	9.8	PG,SG
969	Donte DiVincenzo	MIL	60	26.9	3.7	8.8	0.421	2	0.8	1.1	0.729	5.6	3	1.1	0.2	1.4	10.1	PG,SG
970	Tyler Herro	MIA	70	27	5.5	12.5	0.443	1.9	1.7	2.1	0.817	4.8	3.3	0.6	0.3	1.8	14.7	PG
971	T.J. Warren	IND	40	29.2	6.8	13	0.525	1.1	1.9	2.4	0.802	3.4	1.3	0.5	0.4	1.1	16.7	SF,PF
972	Dorian Finney-Smith	DAL	75	28.1	3.5	7.3	0.475	1.9	0.5	0.6	0.77	5.1	1.6	0.8	0.4	0.8	9.3	SF,PF
973	Marcus Morris Sr.	LAC	71	26.9	4.9	10.5	0.465	2.6	1.3	1.6	0.811	4.2	1	0.6	0.3	1	13.7	PF,C
974	Seth Curry	PHI	70	29.2	4.6	9.8	0.464	2.2	1.2	1.4	0.859	2.4	2.7	0.8	0.1	1.1	12.7	PG,SG
975	Markelle Fultz	ORL	46	27.3	5.1	12	0.428	0.5	2.1	2.4	0.876	3.1	5.4	0.9	0.3	2.3	12.9	PG,SG
976	Kyle Kuzma	WAS	74	28.1	5.8	13	0.445	2.1	1	1.4	0.715	6.1	1.9	0.5	0.6	1.7	14.6	SF,PF
977	LaMarcus Aldridge	BKN	55	21.6	4.5	9.1	0.493	0.7	1.8	2.2	0.83	4.5	1.5	0.4	1	0.9	11.5	PF,C
978	Isaiah Roby	OKC	72	24.2	3.8	7.9	0.479	0.6	1.6	2.1	0.739	6.2	2	1	0.7	2.1	9.7	C
979	Daniel Theis	HOU	70	25.2	4	7.3	0.542	0.8	1.1	1.7	0.651	5.6	1.7	0.6	0.9	1	9.8	PF,C
980	Ricky Rubio	CLE	70	22.5	2.4	6.3	0.383	0.9	1.6	1.9	0.863	2.8	5.5	1.3	0.1	1.4	7.4	PG
981	Nicolas Batum	LAC	71	25.1	2.7	5.7	0.468	1.5	0.6	0.8	0.78	4.3	2	0.9	0.6	0.7	7.4	SF,PF
982	Jeremy Lamb	IND	60	20.4	3.2	7.4	0.429	1.3	1.9	2.2	0.864	3.5	1.4	0.9	0.7	0.6	9.6	SG,SF
983	Josh Hart	NOP	67	27	3	6.8	0.439	1.2	1.4	1.8	0.792	7.5	2.2	0.8	0.3	1	8.6	SG,SF
984	Jae Crowder	PHX	72	27.4	3.3	8.1	0.403	2.5	1	1.3	0.767	4.7	2.1	0.8	0.4	0.9	10	SF,PF
985	Patrick Williams	CHI	78	30.2	3.9	7.9	0.487	0.9	1.4	1.9	0.732	4.9	1.5	1	0.6	1.5	10	SF,PF
986	Aaron Gordon	DEN	72	31.7	5	10.7	0.464	1.3	2.1	3.2	0.641	6.1	3.1	0.8	0.8	2.1	13.3	SF,PF
987	Goran Dragic	TOR	64	26.4	4.7	10.9	0.433	1.8	2	2.4	0.835	3.3	4.3	0.7	0.1	2.4	13.2	PG,SG
988	Marvin Bagley III	SAC	62	26.7	5.7	11.4	0.501	0.9	1.8	2.6	0.702	7.4	1	0.5	0.5	1.4	14.2	PF,C
989	Cole Anthony	ORL	72	25.9	4.5	10.7	0.422	1.2	2.2	2.7	0.821	4.5	3.9	0.7	0.4	2.2	12.4	PG
990	Josh Giddey	OKC	68	27.8	3.9	9.5	0.408	1	0.9	1.3	0.664	6.3	4	1.1	0.5	2.8	9.6	PG,SG
991	Talen Horton-Tucker	LAL	76	22.2	4.2	8.9	0.467	0.7	1.8	2.4	0.748	3.1	3.3	1.2	0.4	1.9	10.8	SG,SF
992	Eric Bledsoe	LAC	76	28.1	4.5	10.7	0.421	1.8	2	2.8	0.715	3.6	4	1	0.3	1.7	12.7	PG,SG
993	Coby White	CHI	62	25.6	4.7	11.1	0.418	2.1	1.6	1.8	0.906	3.3	3.7	0.5	0.2	2	13	PG,SG
994	Killian Hayes	DET	70	29.4	4.1	10.7	0.381	0.9	1.6	1.9	0.831	3	6	1.1	0.5	3.6	10.6	PG,SG
995	John Wall	HOU	26	22.1	4.9	11.6	0.422	1.3	2.7	3.6	0.758	2.2	4.9	0.9	0.6	2.4	13.8	PG
996	Andre Drummond	PHI	74	20.6	4.2	8	0.522	0	1.9	3.1	0.597	8.4	1.4	0.9	1	1.5	10.2	C
997	Jaden McDaniels	MIN	75	27.9	3	6.8	0.449	1.3	0.7	1	0.65	4.3	1.3	0.7	1.2	0.8	8	PF
998	Jalen Brunson	DAL	72	24	4.6	8.8	0.522	1.2	1.7	2.1	0.82	3.3	3.4	0.5	0	1.2	12.1	PG,SG
999	Devin Vassell	SAS	75	22.1	3	7	0.431	1.4	1	1.1	0.883	3.9	1.3	1	0.4	0.6	8.4	SG
1000	Rui Hachimura	WAS	73	31	5.5	11.6	0.473	0.8	2.2	2.9	0.786	5.6	1.4	0.8	0.1	1.2	14	SF,PF
1001	Desmond Bane	MEM	73	25.2	3.9	8.5	0.46	2	0.7	0.8	0.841	3.6	2	0.7	0.2	1.1	10.5	PG,SG
1002	Monte Morris	DEN	70	26.4	4.2	8.7	0.478	1.2	1.3	1.5	0.817	2.1	3.3	0.7	0.3	0.7	10.7	PG,SG
1003	Kevin Love	CLE	30	22.2	3.6	9	0.406	2	1.5	1.8	0.848	6.6	2.2	0.5	0.1	1.3	10.8	PF,C
1004	Oshae Brissett	IND	60	19.2	2.7	5.5	0.486	1.2	1.9	2.4	0.774	4.2	0.7	0.7	0.8	0.4	8.5	SF,PF
1005	Alec Burks	NYK	67	23.1	3.9	9.2	0.422	1.9	1.9	2.2	0.871	4.2	2	0.5	0.3	0.9	11.5	SG,SF
1006	Josh Richardson	BOS	68	24.8	3.8	8.8	0.428	1.3	1.4	1.5	0.947	2.8	2.2	0.8	0.3	1.1	10.2	SG,SF
1007	Justin Holiday	IND	78	27.1	3.2	7.8	0.414	2.1	0.8	1.1	0.755	3.1	1.5	0.9	0.5	0.7	9.4	SG,SF
1008	Kelly Oubre Jr.	CHA	74	26.2	4.9	11.2	0.439	1.4	1.9	2.7	0.688	5.1	1.1	0.9	0.7	1.1	13.1	SG,SF
1009	Gary Trent Jr.	TOR	70	31.1	5.3	13	0.408	2.7	1.4	1.7	0.776	2.6	1.4	1	0.2	0.7	14.7	SG,SF
1010	Nicolas Claxton	BKN	67	20.8	3.2	5.1	0.622	0	1.1	2.3	0.5	5.8	1	0.8	1.5	0.7	7.4	C
1011	Cameron Johnson	PHX	72	26.7	3.8	9	0.424	2.2	0.9	1.1	0.804	3.8	1.6	0.7	0.3	0.8	10.8	SF,PF
1012	Taurean Prince	MIN	70	23.1	3.3	8.3	0.399	1.6	1.7	2	0.843	3.6	2	0.7	0.6	1.1	9.8	SF,PF
1013	Lonnie Walker IV	SAS	74	28.1	5.8	13.3	0.434	2.2	1.1	1.3	0.835	2.9	1.9	0.6	0.3	1.2	14.8	SG,SF
1014	Isaac Okoro	CLE	76	34.1	4.2	9.7	0.436	1.2	2	2.7	0.736	3.6	2.2	1.1	0.5	1.5	11.7	SG
1015	Enes Kanter	BOS	60	18.4	3.3	5.4	0.602	0	1.3	1.6	0.781	7.7	0.8	0.4	0.5	0.8	7.8	C
1016	Blake Griffin	BKN	68	25.5	3.8	8.8	0.427	1.5	1.9	2.5	0.761	4.8	3	0.7	0.3	1.3	10.9	PF,C
1017	Maxi Kleber	DAL	70	26.1	2.2	5.3	0.418	1.7	0.7	0.8	0.861	5	1.4	0.5	0.7	0.6	6.8	PF,C
1018	Doug McDermott	SAS	74	27.1	5.6	11.2	0.499	1.7	1.3	1.7	0.801	3.7	1.4	0.3	0.1	0.9	14.2	SF,PF
1019	Immanuel Quickley	NYK	74	21.8	4.1	10.2	0.396	2	2.7	3	0.891	2.4	2.3	0.6	0.2	1	12.8	PG
1020	James Wiseman	GSW	68	25.2	5.7	11.1	0.516	0.4	1.6	2.6	0.636	6.8	0.8	0.4	1.1	1.8	13.5	C
1021	Trevor Ariza	LAL	68	22.1	2.9	6.6	0.437	1.4	1	1.2	0.79	4	1.5	0.8	0.5	0.6	8.1	SG,SF
1022	Eric Gordon	HOU	60	24.9	4.8	11.1	0.434	2.1	2.9	3.4	0.831	1.8	2.1	0.4	0.4	1.6	14.6	SG,SF
1023	Delon Wright	ATL	68	18.4	2.5	5.4	0.464	0.7	1.1	1.3	0.803	2.9	2.9	1.1	0.3	0.9	6.8	PG,SG
1024	Xavier Tillman	MEM	67	20	3	5.5	0.549	0.4	0.7	1	0.663	4.7	1.4	0.8	0.7	0.9	7.2	PF,C
1025	Kevin Huerter	ATL	74	24	3.6	8.2	0.434	1.6	0.6	0.7	0.786	2.6	2.7	0.9	0.2	0.9	9.3	SG,SF
1026	Shake Milton	PHI	71	23.6	4.9	10.7	0.453	1.1	2.3	2.8	0.82	2.3	3.1	0.6	0.3	1.6	13.2	PG,SG
1027	Dwight Powell	DAL	68	18.2	2.3	3.6	0.637	0.1	1.8	2.3	0.814	4.4	1.2	0.7	0.5	0.8	6.5	PF,C
1028	Naz Reid	MIN	76	18	4	7.7	0.518	0.8	1.5	2.2	0.665	4.3	0.9	0.5	1	0.9	10.5	C
1029	Davis Bertans	WAS	65	23.2	3.1	7.6	0.405	2.7	1.6	1.8	0.9	2.7	0.8	0.5	0.2	0.5	10.3	PF,C
1030	Reggie Bullock	DAL	74	25.7	3.3	7.4	0.442	2.1	0.7	0.8	0.896	2.9	1.3	0.7	0.2	0.6	9.3	SG,SF
1031	Bruce Brown	BKN	74	20.1	3.2	5.8	0.554	0.3	1.2	1.6	0.722	4.9	1.4	0.8	0.4	0.7	7.9	SG
1032	Kendrick Nunn	LAL	74	20.1	3.9	8	0.483	1.5	0.7	0.8	0.907	2.2	1.8	0.7	0.2	1	10	PG,SG
1033	Trey Murphy III	NOP	72	22.4	3.2	7.4	0.436	1.8	0.9	1	0.85	2.3	1.2	0.8	0.4	0.9	9.1	SG,SF
1034	Jeff Green	DEN	70	26.4	3.7	7.6	0.487	1.5	1.8	2.3	0.748	3.8	1.6	0.5	0.4	0.8	10.7	SF,PF
1035	Kenrich Williams	OKC	60	20.7	3.2	5.9	0.532	0.8	0.6	1	0.594	3.9	2.2	0.9	0.3	1.2	7.7	SF,PF
1036	Rudy Gay	UTA	68	18.9	3.7	8.8	0.419	1.5	1.1	1.4	0.814	4.2	1.2	0.6	0.5	0.9	10	SF,PF
1037	Otto Porter Jr.	GSW	60	20.4	3.3	7.6	0.432	1.3	1.2	1.4	0.865	5.2	1.9	0.6	0.1	0.9	9.1	SF,PF
1038	Luguentz Dort	OKC	70	29.1	4.7	12	0.391	2.2	2.3	3.1	0.75	3.5	1.7	0.9	0.4	1.5	13.7	SG,SF
1039	Wayne Ellington	LAL	69	26.2	3.6	8.3	0.433	2.8	0.7	0.9	0.756	2.2	1.7	0.5	0.2	0.8	10.7	SG,SF
1040	Pat Connaughton	MIL	71	22.5	2.4	5.5	0.429	1.5	0.5	0.6	0.831	4.7	1.2	0.7	0.3	0.5	6.7	SG,SF
1041	KJ Martin Jr.	HOU	62	20.1	3.1	6	0.507	0.7	1.1	1.6	0.683	4.6	0.9	0.6	0.8	0.7	7.9	SF
1042	Gabe Vincent	MIA	68	14.2	2.1	4.9	0.428	1.3	0.4	0.5	0.8	1.3	2.5	1.3	0	0.2	5.8	PG
1043	DeMarcus Cousins	FA	50	15.4	2.8	6.6	0.432	1.1	1.2	1.8	0.701	5.7	1.7	0.7	0.5	1.4	7.9	PF,C
1044	Steven Adams	MEM	68	25.8	3.1	4.9	0.621	0	0.9	2.1	0.435	8.3	1.8	0.8	0.7	1.3	7.1	C
1045	JaVale McGee	PHX	62	15.4	3.2	6.3	0.508	0.1	1	1.6	0.665	5.4	0.8	0.4	1.2	1.3	7.5	C
1046	Jaxson Hayes	NOP	67	16.1	2.9	4.7	0.617	0.1	1.6	2	0.8	4.3	0.6	0.4	0.6	0.7	7.5	C
1047	Davion Mitchell	SAC	70	22.1	2.9	6.5	0.44	1.3	0.8	1.1	0.721	1.4	3	1.2	0.1	1.8	7.8	SG
1048	Jarred Vanderbilt	MIN	69	15.8	2.1	3.5	0.596	0	0.9	1.5	0.573	5.4	1.2	1	0.7	0.8	5.1	PF,C
1049	Payton Pritchard	BOS	74	20.8	3.1	6.9	0.445	1.8	0.7	0.8	0.857	2.6	2.1	0.7	0.1	0.9	8.6	PG
1050	Scottie Barnes	TOR	74	24.6	3.9	8.7	0.446	0.4	0.7	1.2	0.587	4.1	2.9	1.1	0.4	1.8	8.9	SF
1051	Cody Zeller	POR	68	18.2	3.3	5.9	0.559	0.1	1.6	2.2	0.719	5.9	1.6	0.5	0.4	0.9	8.2	C
1052	Raul Neto	WAS	63	18.4	2.8	5.9	0.472	0.8	1	1.1	0.917	2	1.9	0.9	0.1	0.7	7.3	PG
1053	Tony Bradley	CHI	72	15.1	2.9	4.3	0.66	0	0.8	1.2	0.692	5.3	0.8	0.4	0.7	0.7	6.5	C
1054	Tomas Satoransky	NOP	70	19.4	2.5	4.9	0.509	0.6	1	1.2	0.858	2.1	4	0.6	0.2	1.5	6.6	PG,SG
1055	Kentavious Caldwell-Pope	WAS	64	22.4	2.6	5.9	0.439	1.4	1.2	1.3	0.881	2.1	1.5	0.7	0.3	0.8	7.7	PG,SG
1056	Alex Caruso	CHI	70	21.7	2.4	5.5	0.434	1	0.8	1.3	0.619	3	2.9	1.1	0.3	1.3	6.6	PG,SG
1057	Kevon Looney	GSW	69	22.4	2.1	3.8	0.563	0.1	0.6	0.9	0.656	6.2	2.2	0.5	0.5	0.7	4.9	PF,C
1058	Deni Avdija	WAS	68	25.1	3.2	7.6	0.421	1.1	0.7	1	0.684	5.2	2.1	0.7	0.3	0.7	8.1	SG,SF
1059	Juan Toscano-Anderson	GSW	64	16.1	1.9	3.5	0.542	0.6	0.3	0.5	0.733	3.6	2.3	0.7	0.4	1	4.7	SF,PF
1060	Dwight Howard	LAL	74	19.5	2.7	4.5	0.591	0.1	1.9	3.1	0.602	8.7	0.9	0.4	0.9	1.6	7.3	C
1061	Ty Jerome	OKC	51	19.2	3.1	7	0.448	1.8	0.6	0.8	0.8	2.3	3	0.5	0.2	1.1	8.6	PG,SG
1062	Furkan Korkmaz	PHI	71	20.5	3.3	8.2	0.402	1.9	1.2	1.6	0.736	2.2	1.6	1	0.2	0.9	9.7	SG,SF
1063	Cedi Osman	CLE	72	24.1	3.5	9.3	0.374	1.6	1.2	1.5	0.812	3.2	2.7	0.8	0.2	1.3	9.7	SF,PF
1064	Patty Mills	BKN	76	22.4	3.4	8.1	0.422	2.5	0.9	1.1	0.833	1.5	2.2	0.5	0	0.9	10.3	PG
1065	Paul Millsap	BKN	58	14.9	2.7	5.7	0.477	0.7	1.5	1.8	0.821	3.8	1.1	0.6	0.4	0.9	7.6	PF,C
1066	Malachi Flynn	TOR	74	19.9	3.3	7.9	0.417	1.2	1	1.2	0.802	2.5	2.9	0.8	0.1	0.9	8.7	PG
1067	Franz Wagner	ORL	70	21.4	3	6.5	0.456	1	0.8	1.1	0.785	2.9	1.6	0.7	0.4	1.1	7.8	SG,SF
1068	Dewayne Dedmon	MIA	68	16	2.3	3.9	0.589	0.1	1.2	1.6	0.769	5.1	0.8	0.6	0.4	0.8	6	C
1069	Jordan McLaughlin	MIN	64	18.1	2	4.7	0.417	0.7	0.5	0.6	0.831	2.1	3.7	1	0.1	1	4.9	PG
1070	Darius Bazley	OKC	70	30	4.8	12.1	0.397	1.4	2.2	3.1	0.718	6.9	1.7	0.5	0.5	2.1	13.2	SF,PF
1071	Cory Joseph	DET	68	18.9	2.6	5.6	0.47	0.6	0.9	1.2	0.783	2.1	2.8	0.8	0.3	1	6.7	PG
1072	Carmelo Anthony	LAL	72	20.5	3.5	8.3	0.417	1.4	1.5	1.7	0.87	2.3	1.1	0.5	0.4	0.7	9.8	SF,PF
1073	Chris Duarte	IND	68	18.2	2.6	5.7	0.445	1.4	0.9	1.1	0.811	2.4	1.4	0.8	0.3	1.9	7.4	SG
1074	Cam Reddish	ATL	68	22.1	2.8	7.1	0.393	1	2	2.4	0.821	3	1	1	0.2	1	8.6	SG,SF
1075	Kira Lewis Jr	NOP	69	21.1	3	7.8	0.386	0.9	1	1.1	0.885	1.6	2.9	0.9	0.3	0.8	8	PG
1076	Theo Maledon	OKC	69	25.4	3.2	8.5	0.383	1.5	1.5	2	0.769	3.1	3.2	0.7	0.2	2	9.5	PG
1077	Onyeka Okongwu	ATL	20	14.1	2.2	3.5	0.632	0	0.8	1.3	0.636	3.9	0.5	0.6	0.8	0.7	5.4	PF,C
1078	Tre Mann	OKC	68	18.4	3.3	7.9	0.419	1.3	0.9	1.1	0.809	3.1	2	0.8	0.1	1.8	8.8	SG
1079	Malik Monk	LAL	69	20.4	3.7	8.6	0.432	1.8	1.3	1.5	0.818	2.2	1.9	0.5	0.1	1.2	10.5	PG,SG
1080	Anfernee Simons	POR	73	21.3	3.2	7.8	0.412	2.3	0.9	1.1	0.775	2.7	1.7	0.4	0.1	0.9	9.6	PG,SG
1081	JaMychal Green	DEN	70	17.1	2.7	5.8	0.462	1.2	0.7	0.9	0.798	4.3	0.8	0.4	0.4	0.8	7.2	PF,C
1082	Jonathan Kuminga	GSW	69	20.4	3.5	8.1	0.425	0.8	0.7	1.1	0.64	3.8	1.1	0.8	0.6	1.5	8.4	SF,PF
1083	Khyri Thomas	HOU	26	12.4	2.4	5.4	0.45	0.7	0.7	1	0.753	1.5	2	0.7	0.5	0.5	6.3	SG
1084	Patrick Beverley	MIN	60	16.1	1.8	4.3	0.415	1.1	0.7	0.9	0.835	2.3	1.5	0.6	0.6	0.6	5.3	PG,SG
1085	Luke Kennard	LAC	66	20.5	3.2	6.9	0.47	1.7	0.4	0.5	0.808	2.7	1.8	0.3	0.1	0.8	8.6	SG,SF
1086	Austin Rivers	DEN	68	23.1	2.8	6.7	0.426	1.5	0.6	0.9	0.67	2.3	2.3	0.8	0.1	1	7.7	PG,SG
1087	Hassan Whiteside	UTA	72	16.8	3.5	6.2	0.563	0	1.1	2.2	0.502	5.9	0.6	0.3	1.3	1.1	8	PF,C
1088	Tyrese Maxey	PHI	70	17.8	3.8	8	0.471	0.6	1.2	1.4	0.833	2	2.3	0.5	0.2	0.8	9.2	PG,SG
1089	P.J. Tucker	MIA	77	27.1	1.4	3.5	0.382	0.8	0.4	0.5	0.808	4.1	1.3	0.7	0.4	0.8	3.8	PF,C
1090	Goga Bitadze	IND	54	12.5	1.9	4.3	0.432	0.5	1	1.4	0.71	3.4	0.8	0.2	1.4	0.4	5.2	C
1091	Taj Gibson	NYK	30	13.8	1.5	2.3	0.629	0.1	0.6	0.8	0.75	3.7	0.5	0.5	0.7	0.3	3.6	PF,C
1092	Ish Smith	CHA	71	17.4	3.1	6.9	0.446	0.6	0.6	0.9	0.697	2.2	3.4	0.6	0.3	1	7.4	PG
1093	Grayson Allen	MIL	60	16.4	2.3	5.4	0.422	1.4	1	1.2	0.889	2.1	1.4	0.6	0.1	0.7	6.9	SG,SF
1094	Lou Williams	ATL	50	17.4	3.2	7.9	0.408	0.9	1.9	2.1	0.885	1.7	2.7	0.6	0.1	1.3	9.1	PG,SG
1095	Obi Toppin	NYK	73	18.1	2.8	5.6	0.501	0.7	0.5	0.7	0.742	3.6	0.8	0.5	0.3	0.7	6.8	SF,PF
1096	D.J. Augustin	HOU	68	18.5	2.2	5.6	0.4	1.4	1.4	1.6	0.88	1.6	3.1	0.5	0	1	7.2	PG
1097	Mike Muscala	OKC	52	15.8	2.9	6.5	0.447	1.6	0.8	0.9	0.894	3.2	0.7	0.2	0.3	0.5	8.2	PF,C
1098	Kent Bazemore	LAL	46	17.1	2	4.5	0.444	0.9	0.9	1.1	0.768	2.6	0.9	0.7	0.5	0.9	5.7	SG,SF
1099	Josh Jackson	DET	60	18.2	3.4	8.1	0.421	0.9	1.9	2.5	0.74	2.9	1.6	0.6	0.6	1.6	9.6	SG,SF
1100	Landry Shamet	PHX	70	20.2	2.7	6.6	0.413	1.8	1	1.1	0.851	1.6	1.4	0.4	0.2	0.7	8.2	PG,SG
1101	Naji Marshall	NOP	56	15.9	1.8	4.5	0.408	0.7	1.4	1.9	0.738	3.8	2.3	0.7	0.2	1	5.8	SF
1102	Rajon Rondo	LAL	40	12.4	2.1	4.8	0.438	0.8	0.4	0.6	0.667	2.4	3.5	0.7	0.1	1.7	5.4	PG
1103	David Nwaba	HOU	50	16.3	2.5	5.2	0.485	0.4	1.1	1.6	0.695	2.8	0.7	0.7	0.5	0.4	6.6	SG,SF
1104	George Hill	MIL	70	17.8	2.5	5.2	0.485	0.8	1	1.4	0.763	1.6	1.9	0.6	0.2	0.8	6.9	PG,SG
1105	Tyus Jones	MEM	70	14	2	4.7	0.424	0.5	0.5	0.5	1	1.6	2.9	0.7	0.1	0.6	5	PG
1106	Josh Okogie	MIN	68	19.2	1.6	4	0.401	0.5	1.3	1.7	0.776	2.6	1	0.9	0.5	0.7	5	SG,SF
1107	Aaron Nesmith	BOS	66	19.1	2.3	5.3	0.444	1.2	0.7	0.9	0.8	3.8	0.7	0.4	0.3	0.7	6.6	SG,SF
1108	Hamidou Diallo	DET	70	20.8	3.8	7.9	0.477	0.4	2.2	3.4	0.64	4.6	1.7	0.7	0.4	1.3	10.2	SG,SF
1109	Moe Harkless	SAC	70	19.1	1.7	4.1	0.423	0.6	0.8	1.1	0.752	2.2	1.1	0.7	0.6	0.6	4.7	SF,PF
1110	R.J. Hampton	ORL	64	22.8	3.5	7.8	0.446	0.6	1.4	2	0.683	4.5	2.1	0.5	0.2	1.4	9	PG
1111	Torrey Craig	IND	62	13.1	1.8	3.7	0.489	0.7	0.2	0.3	0.727	3.2	0.8	0.5	0.4	0.4	4.5	SG,SF
1112	Isaiah Hartenstein	FA	50	12.1	2	3.6	0.541	0	1	1.5	0.662	3.8	1.2	0.4	0.8	1	5	PF
1113	Gorgui Dieng	ATL	44	10.4	1.6	3	0.513	0.6	1.1	1.3	0.835	2.6	0.9	0.5	0.3	0.6	4.8	PF,C
1114	Jeff Teague	MIL	70	16.5	2.1	5	0.423	0.7	1.5	1.8	0.845	1.5	2.3	0.6	0.2	1.1	6.4	PG,SG
1115	Moses Moody	GSW	65	17.8	2.9	7.1	0.406	1.1	1	1.2	0.805	2.4	1.1	0.6	0.3	0.9	7.9	SF
1116	Alex Len	SAC	36	13.2	2.3	3.7	0.626	0.1	0.9	1.5	0.61	3.4	0.7	0.3	0.9	0.8	5.7	PF,C
1117	Terence Davis	SAC	61	14.6	2.6	6.2	0.426	1.3	0.6	0.7	0.784	2.1	1.2	0.6	0.2	0.8	7.2	SG,SF
1118	Markieff Morris	MIA	74	19.4	2.5	6.1	0.403	1.1	0.6	0.8	0.747	4.3	1.2	0.4	0.3	0.9	6.6	PF,C
1119	Saben Lee	DET	40	15.4	2	4.2	0.476	0.2	1.2	1.8	0.683	1.9	3.4	0.7	0.3	1	5.3	PG
1120	Nassir Little	POR	68	17.2	2.1	4.5	0.457	0.8	1	1.2	0.888	3.5	0.7	0.1	0.4	0.5	6	SF
1121	Precious Achiuwa	TOR	68	18.5	3.3	6.1	0.541	0	1.5	2.7	0.544	5.6	0.8	0.5	0.8	1.2	8	SF,PF
1122	Derrick Jones Jr.	CHI	70	18.1	2	4.1	0.479	0.6	0.8	1.3	0.627	2.8	0.6	0.5	0.7	0.5	5.3	SG,SF
1123	Andre Iguodala	GSW	30	13.6	1.2	2.7	0.431	0.5	0.2	0.3	0.667	2.4	1.6	0.5	0.7	0.9	3	SG,SF
1124	Bismack Biyombo	FA	68	19.4	2.1	3.5	0.594	0	0.7	1.5	0.437	5	1.1	0.3	1	1	4.7	C
1125	Willie Cauley-Stein	DAL	61	14.2	1.8	2.8	0.649	0	0.8	1.3	0.6	3.7	0.6	0.3	0.7	0.4	4.4	PF,C
1126	James Bouknight	CHA	68	17.2	2.8	6.2	0.453	1.1	0.9	1.3	0.695	3.1	0.4	0.7	0.1	1.5	7.6	SG
1127	Max Strus	MIA	55	16.7	2.8	6.2	0.459	1.7	0.5	0.8	0.662	1.4	0.8	0.4	0.1	0.3	7.8	SG
1128	JJ Redick	FA	60	17.1	2.5	6.3	0.394	1.6	1.1	1.2	0.919	1.6	1.2	0.3	0.1	0.8	7.7	SG
1129	Nemanja Bjelica	GSW	47	14.4	2.3	4.9	0.473	0.6	0.9	1.1	0.781	3	1.7	0.4	0.1	0.8	6.1	PF
1130	Moses Brown	DAL	50	12.4	2	3.7	0.54	0	1	1.7	0.619	5.2	0.1	0.4	0.6	0.6	5	C
1131	Eric Paschall	UTA	68	17.9	3.8	7.7	0.493	0.5	1.7	2.5	0.71	3.3	1.3	0.3	0.2	1.1	9.7	PF,C
1132	Moritz Wagner	ORL	30	12.2	1.7	3.9	0.451	0.5	1.2	1.4	0.84	2.4	0.8	0.5	0.3	0.8	5.2	PF,C
1133	Denzel Valentine	CHI	64	15.9	2.4	6.3	0.374	1.2	0.3	0.3	1	3	1.6	0.5	0.1	0.7	6.2	SG,SF
1134	Robin Lopez	ORL	34	13.2	2.6	4.2	0.634	0.1	1	1.3	0.74	2.6	0.6	0.1	0.4	0.8	6.3	C
1135	DeAndre Jordan	LAL	48	12.2	1.8	2.4	0.751	0	0.4	0.9	0.5	4.1	0.9	0.2	0.6	0.8	4.1	C
1136	Sterling Brown	DAL	50	13.8	2	4.7	0.426	0.8	0.6	0.8	0.76	3.3	1	0.6	0.1	0.8	5.3	SG,SF
1137	Trey Burke	DAL	68	14.7	2.4	5.7	0.42	0.9	0.8	0.9	0.888	0.9	1.3	0.6	0.1	0.5	6.4	PG
1138	Jalen McDaniels	CHA	44	14.4	2.2	4.7	0.467	0.6	0.8	1.1	0.718	2.8	0.9	0.5	0.3	0.8	5.7	PF,C
1139	Frank Kaminsky	PHX	50	13.7	2.3	4.9	0.474	0.6	0.7	1.2	0.621	3.6	1.5	0.3	0.4	0.5	5.9	C
1140	Tony Snell	POR	62	17.1	1.5	2.9	0.527	1.1	0.2	0.2	1	2	1.1	0.2	0.2	0.3	4.3	SG,SF
1141	Dean Wade	CLE	55	15.4	1.6	3.8	0.428	0.9	0.4	0.5	0.83	2.7	0.9	0.4	0.2	0.4	4.6	PF,C
1142	Abdel Nader	PHX	64	15.1	2.1	4.3	0.483	0.9	0.9	1.1	0.746	1.8	0.7	0.4	0.4	0.8	5.9	SF,PF
1143	Tristan Thompson	SAC	71	17.7	2.3	4.4	0.518	0	1	1.6	0.589	6	0.9	0.3	0.4	0.8	5.6	PF,C
1144	Ziaire Williams	MEM	64	17.8	3	7.3	0.412	0.8	0.7	0.9	0.78	2.2	1	0.6	0.2	1.1	7.5	SF
1145	Yogi Ferrell	LAC	30	11	1.6	4	0.397	0.7	0.6	0.7	0.778	1.5	1.8	0.6	0.2	0.2	4.5	PG,SG
1146	Boban Marjanovic	DAL	44	10.1	2.3	4.6	0.513	0	1.1	1.4	0.81	4.8	0.4	0.1	0.3	0.5	5.8	C
1147	Aron Baynes	FA	20	16	2.2	4.9	0.439	0.4	0.5	0.7	0.754	4.5	0.8	0.3	0.3	0.8	5.3	C
1148	Paul Reed	PHI	40	7.4	1.7	3.2	0.534	0	0.2	0.3	0.656	2.5	0.5	0.4	0.5	0.5	3.7	SF
1149	Freddie Gillespie	TOR	18	11.1	1.9	3.7	0.514	0	0.9	1.2	0.708	2.9	0.2	0.4	0.6	0.4	4.7	SF
1150	Drew Eubanks	SAS	30	10	1.6	2.9	0.563	0	0.7	1	0.753	3.2	0.6	0.2	0.7	0.8	4	PF,C
1151	Jaylen Nowell	MIN	40	13.2	2.4	5.8	0.424	0.9	0.8	0.9	0.849	1.7	1.1	0.4	0.2	0.5	6.5	SG
1152	Chimezie Metu	SAC	45	11	2	4	0.5	0.3	0.7	1	0.753	2.5	0.7	0.3	0.4	0.7	5.1	PF
1153	Bryn Forbes	SAS	68	16.1	2.4	5.7	0.425	1.5	0.8	0.9	0.843	1.3	1.1	0.3	0	0.6	7.1	PG,SG
1154	DeAndre' Bembry	BKN	10	12.1	1.5	2.8	0.511	0.2	0.6	0.8	0.695	1.8	1.3	0.6	0.3	0.9	3.7	SF,PF
1155	PJ Dozier	DEN	60	17.1	2.4	5.6	0.422	0.7	0.6	1	0.618	2.8	1.4	0.5	0.3	0.7	6	PG,SG
1156	Gary Harris	ORL	60	22.2	3.2	8.3	0.381	1.1	1.3	1.6	0.794	1.1	1.6	0.6	0.2	1	8.6	SG,SF
1157	Damion Lee	GSW	40	11.4	1.4	2.9	0.479	0.8	0.4	0.5	0.875	1.9	0.8	0.4	0.1	0.3	3.9	SG,SF
1158	Kai Jones	CHA	30	15.1	1.9	3.4	0.548	0.1	0.5	0.8	0.577	2.6	0.1	0.4	0.7	0.8	4.3	C
1159	Aaron Holiday	WAS	30	14.2	1.5	3.5	0.414	0.6	0.5	0.6	0.803	1.2	1.9	0.5	0.2	1	4	PG
1160	Willy Hernangomez	NOP	40	10.2	1.8	3.2	0.56	0	0.7	1.1	0.655	4	0.6	0.3	0.3	0.4	4.4	C
1161	Bones Hyland	DEN	30	15	2.1	5.1	0.413	1.2	0.5	0.7	0.718	1.4	0.8	0.6	0.1	1.1	5.9	PG,SG
1162	Killian Tillie	MEM	30	12	1.3	3.3	0.403	0.7	0.6	0.7	0.797	1.6	0.5	0.4	0.5	0.1	3.9	C
1163	Timothe Luwawu-Cabarrot	FA	62	15.2	1.8	5.1	0.361	1.1	0.5	0.6	0.862	1.8	1	0.5	0.1	0.6	5.4	SG,SF
1164	Ben McLemore	POR	58	16.1	2.5	6.5	0.377	1.7	0.7	0.9	0.702	1.8	0.7	0.4	0.2	0.8	7.3	SG,SF
1165	Dario Saric	PHX	5	10.2	1.8	3.9	0.456	0.5	1	1.1	0.858	2.2	0.7	0.3	0.1	0.6	5	PF,C
1166	Cody Martin	CHA	47	10.4	1.1	2.9	0.379	0.6	0.8	1.2	0.667	2.7	1	0.6	0.2	0.7	3.6	SG,SF
1167	Danuel House Jr.	HOU	56	17.1	2	5	0.408	1	0.7	1.2	0.61	2.4	1.3	0.4	0.3	0.7	5.8	SF,PF
1168	Tyler Johnson	BKN	40	14.4	1.6	3.9	0.403	1	0.4	0.4	1	1.6	1	0.3	0	0.3	4.4	PG,SG
1169	Jevon Carter	BKN	20	8.8	1	2.5	0.423	0.7	0.3	0.3	0.806	1.2	0.9	0.5	0.2	0.3	3	PG
1170	Michael Carter-Williams	ORL	22	15.1	2.2	5.7	0.391	0.3	1.1	1.7	0.614	3	2.7	0.5	0.3	1.4	5.8	PG,SG
1171	Justise Winslow	LAC	68	20.1	3	8.4	0.358	0.4	0.8	1.4	0.569	4.6	2	0.6	0.4	1.4	7	PF
1172	Grant Williams	BOS	60	12.8	1.3	3	0.435	0.6	0.4	0.6	0.629	2.2	0.8	0.4	0.3	0.7	3.6	SF,PF
1173	Grant Riller	FA	24	7.4	2.1	3.2	0.647	0.6	0	0	0	0.2	0.8	0.2	0	0.2	4.9	PG
1174	Rodney Hood	MIL	60	21.1	2.1	5.8	0.362	0.7	0.5	0.6	0.803	2.3	1.2	0.5	0.1	0.9	5.5	SG,SF
1175	Troy Brown Jr.	CHI	54	14.5	1.7	3.9	0.427	0.7	0.4	0.6	0.661	2.9	0.8	0.3	0.2	0.6	4.4	SG,SF
1176	Dylan Windler	CLE	30	10.1	1.1	2.6	0.428	0.5	0.4	0.6	0.782	2.1	0.7	0.4	0.2	0.6	3.2	SF
1177	Elfrid Payton	PHX	40	14.2	2.6	5.9	0.439	0.2	0.7	1	0.706	2	1.9	0.4	0.1	1	6.1	PG
1178	Edmond Sumner	IND	38	9.2	1.6	3	0.528	0.4	0.7	0.9	0.811	1	0.5	0.3	0.1	0.6	4.2	PG,SG
1179	Jarrett Culver	MEM	30	13.1	1.9	4.7	0.409	0.4	0.9	1.3	0.647	3	0.7	0.5	0.3	0.8	5.1	PG,SG
1180	Garrett Temple	NOP	40	12.4	1.3	3.1	0.411	0.6	0.3	0.4	0.78	1.3	1	0.4	0.2	0.5	3.5	PG,SG
1181	Yuta Watanabe	TOR	20	9	1.4	3	0.455	0.3	0.5	0.7	0.783	1.9	0.5	0.3	0.2	0.2	3.7	SF,PF
1182	Corey Kispert	WAS	44	12.4	2.1	5	0.424	1.1	0.5	0.6	0.804	1.4	0.5	0.2	0.1	0.9	5.8	SG,SF
1183	Tre Jones	SAS	60	10.1	1.4	2.9	0.474	0.1	0.7	0.7	1	0.8	1.5	0.3	0	0.6	3.5	PG
1184	Leandro Bolmaro	MIN	30	10	1.4	3.1	0.434	0.4	0.7	0.8	0.802	1.1	1.5	0.4	0.1	1.4	3.8	SF
1185	Jalen Johnson	ATL	20	10.1	1.1	2.5	0.453	0.1	0.5	0.7	0.652	2.8	0.4	0.3	0.4	0.8	2.8	SF
1186	Jahlil Okafor	BKN	8	10.4	1.9	3	0.621	0.1	0.5	0.7	0.658	1.9	0.4	0.2	0.2	0.6	4.3	C
1187	Jock Landale	SAS	40	10.1	1.9	4	0.474	0.1	0.5	0.7	0.725	2.6	0.7	0.2	0.2	0.8	4.4	C
1188	Marko Simonovic	CHI	30	10	1.5	3.2	0.459	0.3	0.7	0.9	0.782	2.2	0.4	0.2	0.2	0.7	3.9	C
1189	Miye Oni	UTA	34	10	1.1	2.9	0.374	0.6	0.4	0.5	0.804	1.6	0.4	0.4	0.2	0.4	3.2	SG
1190	James Johnson	BKN	30	10.5	1.2	2.7	0.452	0.2	0.4	0.6	0.623	1.7	0.7	0.3	0.3	0.4	3	PF,C
1191	Cameron Thomas	BKN	62	16.8	2.7	6.5	0.411	1	0.7	0.8	0.838	1.1	0.4	0.2	0.1	1.1	7	SG
1192	Solomon Hill	ATL	40	12.5	0.9	2.5	0.359	0.6	0.3	0.4	0.707	1.8	0.6	0.4	0.1	0.4	2.6	SG,SF
1193	Zach Collins	SAS	10	10	1.1	2.4	0.468	0.2	0.2	0.3	0.704	2.4	0.6	0.2	0.2	0.5	2.6	PF,C
1194	Semi Ojeleye	MIL	58	14	1.3	3.3	0.401	0.8	0.3	0.5	0.673	2.1	0.6	0.3	0	0.3	3.8	SF,PF
1195	Lamar Stevens	CLE	30	10.1	1.3	2.7	0.469	0.1	0.7	1	0.692	1.9	0.5	0.3	0.2	0.5	3.3	SF
1196	Jake Layman	MIN	10	10	1.6	3.6	0.448	0.5	0.5	0.6	0.703	1.1	0.3	0.3	0.2	0.5	4.1	SF,PF
1197	KZ Okpala	MIA	57	14.1	1.2	3	0.386	0.4	0.2	0.5	0.489	2.1	0.6	0.4	0.4	0.5	2.9	SF
1198	Jaden Springer	PHI	28	11	1.4	3.3	0.418	0.2	0.8	1	0.804	1.4	1	0.3	0.1	1	3.8	SG
1199	Anthony Tolliver	PHI	40	12.5	0.6	2.2	0.252	0.6	0.7	0.8	0.831	1.3	0.3	0.4	0.3	0.4	2.1	SF,PF
1200	Jared Butler	UTA	30	10	1	2.4	0.417	0.7	0.3	0.4	0.75	1	1	0.3	0	0.9	3	SG
1201	Bol Bol	DEN	30	8.1	1.3	2.9	0.444	0.5	0.5	0.8	0.608	1.3	0.3	0.2	0.5	0.6	3.5	PF,C
1202	Keon Johnson	LAC	20	10	1.6	3.8	0.413	0.3	0.6	0.9	0.678	1.8	1.1	0.3	0.1	1	4.1	SF
1203	Josh Green	DAL	58	12.1	1.2	2.6	0.459	0.1	0.3	0.6	0.5	2.1	0.7	0.4	0.1	0.4	2.8	SG,SF
1204	Trey Lyles	DET	30	8	1	2.2	0.455	0.2	0.3	0.4	0.714	2.5	0.3	0.1	0.1	0.2	2.5	PF,C
1205	Rondae Hollis-Jefferson	FA	40	11.1	0.9	1.8	0.503	0	0.9	1.7	0.535	2.8	1.4	0.2	0.5	0.2	2.9	SF,PF
1206	Juancho Hernangomez	MEM	10	8.1	1.5	3.4	0.432	0.6	0.7	1.1	0.627	2.3	0.4	0.2	0.1	0.3	4.2	PF,C
1207	Sekou Doumbouya	BKN	20	8	1.3	2.9	0.446	0.3	0.5	0.6	0.719	1.5	0.5	0.2	0.1	0.5	3.3	SF,PF
1208	Damyean Dotson	CLE	40	12.4	1.6	4	0.406	0.6	0.3	0.5	0.62	1.3	1.3	0.2	0.1	0.6	4.2	SG
1209	Miles McBride	NYK	22	10	1.1	2.7	0.419	0.2	0.4	0.5	0.755	1.1	0.9	0.3	0.1	0.7	2.8	PG
1210	Wes Iwundu	CHA	20	8.4	0.8	2	0.421	0.2	0.7	0.8	0.825	1.1	0.5	0.2	0.1	0.2	2.5	SG,SF
1211	Luka Samanic	SAS	45	10.2	1.5	3.5	0.438	0.4	0.5	1	0.551	2.3	0.5	0.2	0.2	0.7	4	PF
1212	Bruno Fernando	BOS	12	8.1	1.1	2.3	0.498	0.1	0.3	0.6	0.544	2.2	0.6	0.2	0.2	0.5	2.7	C
1213	Usman Garuba	HOU	50	14.8	1.3	3.1	0.402	0.2	0.3	0.7	0.446	2.6	0.4	0.4	0.2	0.8	3	PF
1214	Kevin Knox II	NYK	36	8	0.9	2.5	0.384	0.6	0.3	0.4	0.806	1.1	0.4	0.2	0.1	0.3	2.8	SF,PF
1215	Ayo Dosunmu	CHI	10	10	1.2	2.7	0.438	0.2	0.4	0.5	0.745	1.3	0.8	0.2	0	0.6	3	PG
1216	Joshua Primo	SAS	40	12.4	1.6	4	0.415	0.5	0.2	0.3	0.774	1	0.3	0.2	0.1	0.8	4	SG
1217	Sharife Cooper	ATL	20	10.1	1.5	3.9	0.379	0.2	0.3	0.4	0.825	1.5	1.1	0.2	0.1	1	3.5	PG
1218	Romeo Langford	BOS	20	12.1	0.9	2.5	0.362	0.2	0.4	0.5	0.722	1.5	0.5	0.2	0.2	0.5	2.4	SG
1219	Sam Dekker	TOR	10	9.7	1.2	2.6	0.465	0.3	0.5	0.7	0.616	1.5	0.4	0.2	0.1	0.9	3.2	SF,PF
1220	Kris Dunn	BOS	30	8.2	0.4	3.8	0.101	0	1	1.3	0.802	1.9	0.6	0.6	0.6	1	1.8	PG,SG
1221	Jalen Smith	PHX	35	7.5	1	2.5	0.419	0.3	0.3	0.4	0.667	1.8	0.1	0	0.3	0.4	2.6	PF
1222	CJ Elleby	POR	15	6	0.9	2.3	0.391	0.3	0.3	0.5	0.6	1.1	0.2	0.3	0.1	0.2	2.4	SF
1223	Frank Ntilikina	FA	30	7.6	0.7	1.9	0.376	0.5	0.2	0.5	0.34	0.7	0.5	0.4	0.1	0.2	2.1	PG,SG
1224	Vernon Carey Jr	CHA	10	6.2	1	2.1	0.476	0.1	0.3	0.5	0.62	1.3	0.2	0.1	0.2	0.3	2.4	C
\.


--
-- Name: auth_group_id_seq; Type: SEQUENCE SET; Schema: public; Owner: -
--

SELECT pg_catalog.setval('public.auth_group_id_seq', 1, false);


--
-- Name: auth_group_permissions_id_seq; Type: SEQUENCE SET; Schema: public; Owner: -
--

SELECT pg_catalog.setval('public.auth_group_permissions_id_seq', 1, false);


--
-- Name: auth_permission_id_seq; Type: SEQUENCE SET; Schema: public; Owner: -
--

SELECT pg_catalog.setval('public.auth_permission_id_seq', 28, true);


--
-- Name: auth_user_groups_id_seq; Type: SEQUENCE SET; Schema: public; Owner: -
--

SELECT pg_catalog.setval('public.auth_user_groups_id_seq', 1, false);


--
-- Name: auth_user_id_seq; Type: SEQUENCE SET; Schema: public; Owner: -
--

SELECT pg_catalog.setval('public.auth_user_id_seq', 1, false);


--
-- Name: auth_user_user_permissions_id_seq; Type: SEQUENCE SET; Schema: public; Owner: -
--

SELECT pg_catalog.setval('public.auth_user_user_permissions_id_seq', 1, false);


--
-- Name: django_admin_log_id_seq; Type: SEQUENCE SET; Schema: public; Owner: -
--

SELECT pg_catalog.setval('public.django_admin_log_id_seq', 1, false);


--
-- Name: django_content_type_id_seq; Type: SEQUENCE SET; Schema: public; Owner: -
--

SELECT pg_catalog.setval('public.django_content_type_id_seq', 7, true);


--
-- Name: django_migrations_id_seq; Type: SEQUENCE SET; Schema: public; Owner: -
--

SELECT pg_catalog.setval('public.django_migrations_id_seq', 19, true);


--
-- Name: fbballapiv2_player_id_seq; Type: SEQUENCE SET; Schema: public; Owner: -
--

SELECT pg_catalog.setval('public.fbballapiv2_player_id_seq', 1224, true);


--
-- Name: auth_group auth_group_name_key; Type: CONSTRAINT; Schema: public; Owner: -
--

ALTER TABLE ONLY public.auth_group
    ADD CONSTRAINT auth_group_name_key UNIQUE (name);


--
-- Name: auth_group_permissions auth_group_permissions_group_id_permission_id_0cd325b0_uniq; Type: CONSTRAINT; Schema: public; Owner: -
--

ALTER TABLE ONLY public.auth_group_permissions
    ADD CONSTRAINT auth_group_permissions_group_id_permission_id_0cd325b0_uniq UNIQUE (group_id, permission_id);


--
-- Name: auth_group_permissions auth_group_permissions_pkey; Type: CONSTRAINT; Schema: public; Owner: -
--

ALTER TABLE ONLY public.auth_group_permissions
    ADD CONSTRAINT auth_group_permissions_pkey PRIMARY KEY (id);


--
-- Name: auth_group auth_group_pkey; Type: CONSTRAINT; Schema: public; Owner: -
--

ALTER TABLE ONLY public.auth_group
    ADD CONSTRAINT auth_group_pkey PRIMARY KEY (id);


--
-- Name: auth_permission auth_permission_content_type_id_codename_01ab375a_uniq; Type: CONSTRAINT; Schema: public; Owner: -
--

ALTER TABLE ONLY public.auth_permission
    ADD CONSTRAINT auth_permission_content_type_id_codename_01ab375a_uniq UNIQUE (content_type_id, codename);


--
-- Name: auth_permission auth_permission_pkey; Type: CONSTRAINT; Schema: public; Owner: -
--

ALTER TABLE ONLY public.auth_permission
    ADD CONSTRAINT auth_permission_pkey PRIMARY KEY (id);


--
-- Name: auth_user_groups auth_user_groups_pkey; Type: CONSTRAINT; Schema: public; Owner: -
--

ALTER TABLE ONLY public.auth_user_groups
    ADD CONSTRAINT auth_user_groups_pkey PRIMARY KEY (id);


--
-- Name: auth_user_groups auth_user_groups_user_id_group_id_94350c0c_uniq; Type: CONSTRAINT; Schema: public; Owner: -
--

ALTER TABLE ONLY public.auth_user_groups
    ADD CONSTRAINT auth_user_groups_user_id_group_id_94350c0c_uniq UNIQUE (user_id, group_id);


--
-- Name: auth_user auth_user_pkey; Type: CONSTRAINT; Schema: public; Owner: -
--

ALTER TABLE ONLY public.auth_user
    ADD CONSTRAINT auth_user_pkey PRIMARY KEY (id);


--
-- Name: auth_user_user_permissions auth_user_user_permissions_pkey; Type: CONSTRAINT; Schema: public; Owner: -
--

ALTER TABLE ONLY public.auth_user_user_permissions
    ADD CONSTRAINT auth_user_user_permissions_pkey PRIMARY KEY (id);


--
-- Name: auth_user_user_permissions auth_user_user_permissions_user_id_permission_id_14a6b632_uniq; Type: CONSTRAINT; Schema: public; Owner: -
--

ALTER TABLE ONLY public.auth_user_user_permissions
    ADD CONSTRAINT auth_user_user_permissions_user_id_permission_id_14a6b632_uniq UNIQUE (user_id, permission_id);


--
-- Name: auth_user auth_user_username_key; Type: CONSTRAINT; Schema: public; Owner: -
--

ALTER TABLE ONLY public.auth_user
    ADD CONSTRAINT auth_user_username_key UNIQUE (username);


--
-- Name: django_admin_log django_admin_log_pkey; Type: CONSTRAINT; Schema: public; Owner: -
--

ALTER TABLE ONLY public.django_admin_log
    ADD CONSTRAINT django_admin_log_pkey PRIMARY KEY (id);


--
-- Name: django_content_type django_content_type_app_label_model_76bd3d3b_uniq; Type: CONSTRAINT; Schema: public; Owner: -
--

ALTER TABLE ONLY public.django_content_type
    ADD CONSTRAINT django_content_type_app_label_model_76bd3d3b_uniq UNIQUE (app_label, model);


--
-- Name: django_content_type django_content_type_pkey; Type: CONSTRAINT; Schema: public; Owner: -
--

ALTER TABLE ONLY public.django_content_type
    ADD CONSTRAINT django_content_type_pkey PRIMARY KEY (id);


--
-- Name: django_migrations django_migrations_pkey; Type: CONSTRAINT; Schema: public; Owner: -
--

ALTER TABLE ONLY public.django_migrations
    ADD CONSTRAINT django_migrations_pkey PRIMARY KEY (id);


--
-- Name: django_session django_session_pkey; Type: CONSTRAINT; Schema: public; Owner: -
--

ALTER TABLE ONLY public.django_session
    ADD CONSTRAINT django_session_pkey PRIMARY KEY (session_key);


--
-- Name: fbballapiv2_player fbballapiv2_player_pkey; Type: CONSTRAINT; Schema: public; Owner: -
--

ALTER TABLE ONLY public.fbballapiv2_player
    ADD CONSTRAINT fbballapiv2_player_pkey PRIMARY KEY (id);


--
-- Name: auth_group_name_a6ea08ec_like; Type: INDEX; Schema: public; Owner: -
--

CREATE INDEX auth_group_name_a6ea08ec_like ON public.auth_group USING btree (name varchar_pattern_ops);


--
-- Name: auth_group_permissions_group_id_b120cbf9; Type: INDEX; Schema: public; Owner: -
--

CREATE INDEX auth_group_permissions_group_id_b120cbf9 ON public.auth_group_permissions USING btree (group_id);


--
-- Name: auth_group_permissions_permission_id_84c5c92e; Type: INDEX; Schema: public; Owner: -
--

CREATE INDEX auth_group_permissions_permission_id_84c5c92e ON public.auth_group_permissions USING btree (permission_id);


--
-- Name: auth_permission_content_type_id_2f476e4b; Type: INDEX; Schema: public; Owner: -
--

CREATE INDEX auth_permission_content_type_id_2f476e4b ON public.auth_permission USING btree (content_type_id);


--
-- Name: auth_user_groups_group_id_97559544; Type: INDEX; Schema: public; Owner: -
--

CREATE INDEX auth_user_groups_group_id_97559544 ON public.auth_user_groups USING btree (group_id);


--
-- Name: auth_user_groups_user_id_6a12ed8b; Type: INDEX; Schema: public; Owner: -
--

CREATE INDEX auth_user_groups_user_id_6a12ed8b ON public.auth_user_groups USING btree (user_id);


--
-- Name: auth_user_user_permissions_permission_id_1fbb5f2c; Type: INDEX; Schema: public; Owner: -
--

CREATE INDEX auth_user_user_permissions_permission_id_1fbb5f2c ON public.auth_user_user_permissions USING btree (permission_id);


--
-- Name: auth_user_user_permissions_user_id_a95ead1b; Type: INDEX; Schema: public; Owner: -
--

CREATE INDEX auth_user_user_permissions_user_id_a95ead1b ON public.auth_user_user_permissions USING btree (user_id);


--
-- Name: auth_user_username_6821ab7c_like; Type: INDEX; Schema: public; Owner: -
--

CREATE INDEX auth_user_username_6821ab7c_like ON public.auth_user USING btree (username varchar_pattern_ops);


--
-- Name: django_admin_log_content_type_id_c4bce8eb; Type: INDEX; Schema: public; Owner: -
--

CREATE INDEX django_admin_log_content_type_id_c4bce8eb ON public.django_admin_log USING btree (content_type_id);


--
-- Name: django_admin_log_user_id_c564eba6; Type: INDEX; Schema: public; Owner: -
--

CREATE INDEX django_admin_log_user_id_c564eba6 ON public.django_admin_log USING btree (user_id);


--
-- Name: django_session_expire_date_a5c62663; Type: INDEX; Schema: public; Owner: -
--

CREATE INDEX django_session_expire_date_a5c62663 ON public.django_session USING btree (expire_date);


--
-- Name: django_session_session_key_c0390e0f_like; Type: INDEX; Schema: public; Owner: -
--

CREATE INDEX django_session_session_key_c0390e0f_like ON public.django_session USING btree (session_key varchar_pattern_ops);


--
-- Name: auth_group_permissions auth_group_permissio_permission_id_84c5c92e_fk_auth_perm; Type: FK CONSTRAINT; Schema: public; Owner: -
--

ALTER TABLE ONLY public.auth_group_permissions
    ADD CONSTRAINT auth_group_permissio_permission_id_84c5c92e_fk_auth_perm FOREIGN KEY (permission_id) REFERENCES public.auth_permission(id) DEFERRABLE INITIALLY DEFERRED;


--
-- Name: auth_group_permissions auth_group_permissions_group_id_b120cbf9_fk_auth_group_id; Type: FK CONSTRAINT; Schema: public; Owner: -
--

ALTER TABLE ONLY public.auth_group_permissions
    ADD CONSTRAINT auth_group_permissions_group_id_b120cbf9_fk_auth_group_id FOREIGN KEY (group_id) REFERENCES public.auth_group(id) DEFERRABLE INITIALLY DEFERRED;


--
-- Name: auth_permission auth_permission_content_type_id_2f476e4b_fk_django_co; Type: FK CONSTRAINT; Schema: public; Owner: -
--

ALTER TABLE ONLY public.auth_permission
    ADD CONSTRAINT auth_permission_content_type_id_2f476e4b_fk_django_co FOREIGN KEY (content_type_id) REFERENCES public.django_content_type(id) DEFERRABLE INITIALLY DEFERRED;


--
-- Name: auth_user_groups auth_user_groups_group_id_97559544_fk_auth_group_id; Type: FK CONSTRAINT; Schema: public; Owner: -
--

ALTER TABLE ONLY public.auth_user_groups
    ADD CONSTRAINT auth_user_groups_group_id_97559544_fk_auth_group_id FOREIGN KEY (group_id) REFERENCES public.auth_group(id) DEFERRABLE INITIALLY DEFERRED;


--
-- Name: auth_user_groups auth_user_groups_user_id_6a12ed8b_fk_auth_user_id; Type: FK CONSTRAINT; Schema: public; Owner: -
--

ALTER TABLE ONLY public.auth_user_groups
    ADD CONSTRAINT auth_user_groups_user_id_6a12ed8b_fk_auth_user_id FOREIGN KEY (user_id) REFERENCES public.auth_user(id) DEFERRABLE INITIALLY DEFERRED;


--
-- Name: auth_user_user_permissions auth_user_user_permi_permission_id_1fbb5f2c_fk_auth_perm; Type: FK CONSTRAINT; Schema: public; Owner: -
--

ALTER TABLE ONLY public.auth_user_user_permissions
    ADD CONSTRAINT auth_user_user_permi_permission_id_1fbb5f2c_fk_auth_perm FOREIGN KEY (permission_id) REFERENCES public.auth_permission(id) DEFERRABLE INITIALLY DEFERRED;


--
-- Name: auth_user_user_permissions auth_user_user_permissions_user_id_a95ead1b_fk_auth_user_id; Type: FK CONSTRAINT; Schema: public; Owner: -
--

ALTER TABLE ONLY public.auth_user_user_permissions
    ADD CONSTRAINT auth_user_user_permissions_user_id_a95ead1b_fk_auth_user_id FOREIGN KEY (user_id) REFERENCES public.auth_user(id) DEFERRABLE INITIALLY DEFERRED;


--
-- Name: django_admin_log django_admin_log_content_type_id_c4bce8eb_fk_django_co; Type: FK CONSTRAINT; Schema: public; Owner: -
--

ALTER TABLE ONLY public.django_admin_log
    ADD CONSTRAINT django_admin_log_content_type_id_c4bce8eb_fk_django_co FOREIGN KEY (content_type_id) REFERENCES public.django_content_type(id) DEFERRABLE INITIALLY DEFERRED;


--
-- Name: django_admin_log django_admin_log_user_id_c564eba6_fk_auth_user_id; Type: FK CONSTRAINT; Schema: public; Owner: -
--

ALTER TABLE ONLY public.django_admin_log
    ADD CONSTRAINT django_admin_log_user_id_c564eba6_fk_auth_user_id FOREIGN KEY (user_id) REFERENCES public.auth_user(id) DEFERRABLE INITIALLY DEFERRED;


--
-- PostgreSQL database dump complete
--

